"","Focal","focalAOU","Competitor","compAOU","FocalArea","CompArea","area_overlap"
"1","Bonasa umbellus","3000","Perdix_perdix","2881","8125106.16244731","12802476.9529709","1551004.0006337"
"2","Bonasa umbellus","3000","Falcipennis_canadensis","2980","8125106.16244731","6182333.73163864","4294097.59347047"
"3","Oreortyx pictus","2920","Callipepla_californica","2940","346048.996701771","1542584.17453311","290708.479818363"
"4","Perdix perdix","2881","Falcipennis_canadensis","2980","12802476.9529709","6182333.73163864","297608.78088629"
"5","Perdix perdix","2881","Bonasa_umbellus","3000","12802476.9529709","8125106.16244731","1551004.00063369"
"6","Columbina inca","3210","Columbina_passerina","3200","2764119.88080669","7563890.38462736","1706671.66194053"
"7","Coccyzus erythropthalmus","3880","Coccyzus_americanus","3870","5189825.6371103","5273151.51804721","2977148.79993854"
"8","Sphyrapicus ruber","4030","Dryobates_nuttallii","3970","1000123.50197508","183838.803086181","59015.1389220412"
"9","Sphyrapicus ruber","4030","Melanerpes_formicivorus","4070","1000123.50197508","1503556.97443414","123861.897003097"
"10","Sphyrapicus nuchalis","4021","Sphyrapicus_thyroideus","4040","2080628.74754262","649129.220196877","582585.007762987"
"11","Melanerpes erythrocephalus","4060","Melanerpes_carolinus","4090","5465758.50217252","3074161.21629421","3009866.19417989"
"12","Melanerpes erythrocephalus","4060","Colaptes_auratus","4120","5465758.50217252","10805319.4189033","5003038.53621714"
"13","Selasphorus platycercus","4320","Archilochus_alexandri","4290","696941.808012465","2399358.5723709","359675.417679704"
"14","Archilochus alexandri","4290","Selasphorus_platycercus","4320","2399358.5723709","696941.808012465","359675.417679704"
"15","Selasphorus calliope","4360","Selasphorus_rufus","4330","1219564.22549549","1526769.17181695","717304.555375202"
"16","Calypte anna","4310","Selasphorus_sasin","4340","499565.219437764","31440.1948616306","31440.1190301776"
"17","Selasphorus rufus","4330","Selasphorus_calliope","4360","1526769.17181695","1219564.22549549","717304.555375201"
"18","Sayornis saya","4570","Tyrannus_verticalis","4470","7567465.47160796","5134049.75263959","4173572.78014596"
"19","Sayornis saya","4570","Myiarchus_cinerascens","4540","7567465.47160796","3499142.41100036","2605019.9717526"
"20","Contopus cooperi","4590","Tyrannus_verticalis","4470","9719737.06825723","5134049.75263959","2863231.62954759"
"21","Myiarchus cinerascens","4540","Tyrannus_vociferans","4480","3499142.41100036","1436464.42306362","1072396.98269765"
"22","Myiarchus cinerascens","4540","Sayornis_saya","4570","3499142.41100036","7567465.47160796","2605019.9717526"
"23","Tyrannus vociferans","4480","Myiarchus_cinerascens","4540","1436464.42306362","3499142.41100036","1072396.98269765"
"24","Pyrocephalus rubinus","4710","Sayornis_nigricans","4580","7419349.01617319","2974625.04781577","1973573.07991996"
"25","Empidonax virescens","4650","Contopus_virens","4610","3006589.71273658","4084896.92727598","2804468.36454771"
"26","Empidonax hammondii","4680","Empidonax_occidentalis","4640","2767705.80079329","2351031.85131628","1153808.07232971"
"27","Empidonax hammondii","4680","Empidonax_oberholseri","4690","2767705.80079329","2740104.09879875","1835101.94946504"
"28","Empidonax wrightii","4691","Empidonax_occidentalis","4640","1149345.24522812","2351031.85131628","737290.286127617"
"29","Empidonax wrightii","4691","Empidonax_oberholseri","4690","1149345.24522812","2740104.09879875","1010310.10826267"
"30","Empidonax traillii","4660","Empidonax_alnorum","4661","7306864.44299","7184573.63606488","1298200.17191832"
"31","Setophaga ruticilla","6870","Empidonax_minimus","4670","7468329.47625163","5781012.31439595","4804925.34972613"
"32","Setophaga ruticilla","6870","Dendroica_caerulescens","6540","7468329.47625163","1147825.66562745","1144074.12078978"
"33","Setophaga ruticilla","6870","Dendroica_magnolia","6570","7468329.47625163","3723833.14858862","2901275.60697863"
"34","Setophaga ruticilla","6870","Wilsonia_canadensis","6860","7468329.47625163","2778071.5093701","2255311.30533657"
"35","Empidonax occidentalis","4640","Empidonax_hammondii","4680","2351031.85131628","2767705.80079329","1153808.07232972"
"36","Empidonax occidentalis","4640","Empidonax_wrightii","4691","2351031.85131628","1149345.24522812","737290.286127616"
"37","Empidonax oberholseri","4690","Empidonax_hammondii","4680","2740104.09879875","2767705.80079329","1835101.94946504"
"38","Empidonax oberholseri","4690","Empidonax_wrightii","4691","2740104.09879875","1149345.24522812","1010310.10826267"
"39","Sayornis nigricans","4580","Pyrocephalus_rubinus","4710","2974625.04781577","7419349.01617319","1973573.07991996"
"40","Gymnorhinus cyanocephalus","4920","Pica_pica","4750","1284018.96817758","39269504.082777","984190.752933335"
"41","Aphelocoma californica","4810","Cyanocitta_stelleri","4780","2324656.99491562","3528926.1325185","1423015.39006738"
"42","Perisoreus canadensis","4840","Cyanocitta_stelleri","4780","7552266.38251055","3528926.1325185","1099630.65704884"
"43","Perisoreus canadensis","4840","Nucifraga_columbiana","4910","7552266.38251055","2288046.02130045","834739.951228942"
"44","Cyanocitta stelleri","4780","Aphelocoma_californica","4810","3528926.1325185","2324656.99491562","1423015.39006738"
"45","Cyanocitta stelleri","4780","Perisoreus_canadensis","4840","3528926.1325185","7552266.38251055","1099630.65704884"
"46","Nucifraga columbiana","4910","Perisoreus_canadensis","4840","2288046.02130045","7552266.38251055","834739.951228944"
"47","Xanthocephalus xanthocephalus","4970","Agelaius_phoeniceus","4980","4771448.66197807","13768565.541706","4768929.2823279"
"48","Icterus cucullatus","5050","Icterus_parisorum","5040","1181288.1795104","1844582.62237865","422659.175627267"
"49","Icterus cucullatus","5050","Icterus_bullockii","5080","1181288.1795104","3654495.36741893","657036.169157814"
"50","Icterus parisorum","5040","Icterus_cucullatus","5050","1844582.62237865","1181288.1795104","422659.175627267"
"51","Icterus parisorum","5040","Icterus_bullockii","5080","1844582.62237865","3654495.36741893","1105699.52540831"
"52","Loxia leucoptera","5220","Carpodacus_purpureus","5170","15846855.8610866","4552927.64380168","3567249.39446944"
"53","Loxia leucoptera","5220","Loxia_curvirostra","5210","15846855.8610866","24505165.5768502","10672812.354296"
"54","Loxia curvirostra","5210","Carpodacus_purpureus","5170","24505165.5768502","4552927.64380168","3486000.8092969"
"55","Loxia curvirostra","5210","Loxia_leucoptera","5220","24505165.5768502","15846855.8610866","10672812.3542961"
"56","Carpodacus cassinii","5180","Carpodacus_mexicanus","5190","1507191.6708933","7559356.09992723","1022461.88808521"
"57","Carduelis pinus","5330","Carduelis_psaltria","5300","8163072.20483699","3928067.15323745","1871517.9024141"
"58","Carduelis psaltria","5300","Carduelis_pinus","5330","3928067.15323745","8163072.20483699","1871517.9024141"
"59","Calamospiza melanocorys","6050","Calcarius_ornatus","5380","1660954.01252565","799108.953395708","730779.109548155"
"60","Calamospiza melanocorys","6050","Chondestes_grammacus","5520","1660954.01252565","5633306.05649123","1505797.919335"
"61","Calcarius ornatus","5380","Rhynchophanes_mccownii","5390","799108.953395708","686197.742569414","491275.979732782"
"62","Calcarius ornatus","5380","Calamospiza_melanocorys","6050","799108.953395708","1660954.01252565","730779.109548155"
"63","Anthus spragueii","7000","Pooecetes_gramineus","5400","1236827.45084502","6629775.05818192","1089356.38833691"
"64","Ammodramus leconteii","5480","Passerculus_sandwichensis","5420","2899312.43378845","14173809.8099877","2899312.43212253"
"65","Ammodramus leconteii","5480","Spizella_passerina","5600","2899312.43378845","13395245.5750865","2804996.91244123"
"66","Junco hyemalis","5660","Passerculus_sandwichensis","5420","10673941.1649189","14173809.8099877","10029605.8183658"
"67","Junco hyemalis","5660","Melospiza_melodia","5810","10673941.1649189","10467092.5338424","7417007.19549162"
"68","Chondestes grammacus","5520","Ammodramus_bairdii","5450","5633306.05649123","830086.931430825","552734.614947159"
"69","Ammodramus savannarum","5460","Ammodramus_bairdii","5450","5217422.3634511","830086.931430825","672257.043092644"
"70","Ammodramus savannarum","5460","Spizella_passerina","5600","5217422.3634511","13395245.5750865","4471992.82333451"
"71","Ammodramus bairdii","5450","Ammodramus_savannarum","5460","830086.931430825","5217422.3634511","672257.043092643"
"72","Ammodramus bairdii","5450","Chondestes_grammacus","5520","830086.931430825","5633306.05649123","552734.61494716"
"73","Ammodramus nelsoni","5491","Ammodramus_leconteii","5480","1354770.93408503","2899312.43378845","1108504.46793069"
"74","Ammodramus nelsoni","5491","Spizella_passerina","5600","1354770.93408503","13395245.5750865","1251954.41563684"
"75","Melospiza lincolnii","5830","Zonotrichia_leucophrys","5540","7630598.85274487","7442753.5511471","4470366.02874861"
"76","Melospiza lincolnii","5830","Melospiza_georgiana","5840","7630598.85274487","6095604.66530065","4195332.92623937"
"77","Melospiza lincolnii","5830","Passerella_iliaca","5850","7630598.85274487","7594105.57569293","5200838.9683777"
"78","Passerella iliaca","5850","Zonotrichia_leucophrys","5540","7594105.57569293","7442753.5511471","5622411.01173485"
"79","Passerella iliaca","5850","Melospiza_lincolnii","5830","7594105.57569293","7630598.85274487","5200838.96837773"
"80","Zonotrichia leucophrys","5540","Zonotrichia_atricapilla","5570","7442753.5511471","1987991.98421269","1785618.42021241"
"81","Zonotrichia leucophrys","5540","Melospiza_lincolnii","5830","7442753.5511471","7630598.85274487","4470366.02874863"
"82","Zonotrichia leucophrys","5540","Passerella_iliaca","5850","7442753.5511471","7594105.57569293","5622411.01173485"
"83","Melospiza georgiana","5840","Zonotrichia_albicollis","5580","6095604.66530065","5764727.72858602","4846568.23944893"
"84","Melospiza georgiana","5840","Melospiza_lincolnii","5830","6095604.66530065","7630598.85274487","4195332.92623937"
"85","Amphispiza bilineata","5730","Spizella_atrogularis","5650","2452623.02669972","804989.10012114","589423.514153132"
"86","Amphispiza bilineata","5730","Aimophila_ruficeps","5800","2452623.02669972","1184960.36958177","556423.305688676"
"87","Aimophila ruficeps","5800","Spizella_atrogularis","5650","1184960.36958177","804989.10012114","421769.9740785"
"88","Spizella atrogularis","5650","Amphispiza_bilineata","5730","804989.10012114","2452623.02669972","589423.514153132"
"89","Spizella atrogularis","5650","Aimophila_ruficeps","5800","804989.10012114","1184960.36958177","421769.9740785"
"90","Pooecetes gramineus","5400","Melospiza_melodia","5810","6629775.05818192","10467092.5338424","6214808.72526197"
"91","Pooecetes gramineus","5400","Anthus_spragueii","7000","6629775.05818192","1236827.45084502","1089356.38833691"
"92","Amphispiza belli","5740","Melospiza_melodia","5810","1095012.82273199","10467092.5338424","1031967.27966566"
"93","Pipilo chlorurus","5900","Pipilo_maculatus","5880","1742818.0859202","3662633.88628235","1558429.8253636"
"94","Melozone crissalis","5911","Pipilo_maculatus","5880","362321.950147988","3662633.88628235","181657.608067393"
"95","Pipilo maculatus","5880","Pipilo_chlorurus","5900","3662633.88628235","1742818.0859202","1558429.8253636"
"96","Cardinalis sinuatus","5940","Cardinalis_cardinalis","5930","1519359.54943167","5851611.19601086","1325011.63791613"
"97","Cardinalis sinuatus","5940","Passerina_caerulea","5970","1519359.54943167","5299068.78344075","1319940.47033955"
"98","Riparia riparia","6160","Petrochelidon_pyrrhonota","6120","36808138.5529615","12213969.6120951","8048543.62786258"
"99","Riparia riparia","6160","Tachycineta_bicolor","6140","36808138.5529615","12033933.1520744","9366039.55485211"
"100","Tachycineta thalassina","6150","Hirundo_rustica","6130","6110195.55754842","52168253.9103606","4918818.8828885"
"101","Tachycineta thalassina","6150","Stelgidopteryx_serripennis","6170","6110195.55754842","10005664.6583418","3831412.81108296"
"102","Mimus polyglottos","7030","Lanius_ludovicianus","6220","10150915.5226004","8858017.12959287","8305925.74327192"
"103","Mimus polyglottos","7030","Oreoscoptes_montanus","7020","10150915.5226004","1997217.99378418","1929120.10896739"
"104","Mimus polyglottos","7030","Dumetella_carolinensis","7040","10150915.5226004","6834017.92925531","6020316.06392644"
"105","Mimus polyglottos","7030","Toxostoma_rufum","7050","10150915.5226004","5693489.65082359","5039250.68951967"
"106","Mimus polyglottos","7030","Toxostoma_bendirei","7080","10150915.5226004","822803.582861889","822803.147216865"
"107","Mimus polyglottos","7030","Toxostoma_redivivum","7100","10150915.5226004","210489.200366976","210488.904647342"
"108","Vireo philadelphicus","6260","Vireo_olivaceus","6240","2770151.24904059","12016843.3378712","2515945.85864117"
"109","Vireo philadelphicus","6260","Vireo_solitarius","6290","2770151.24904059","3376033.95659495","2064879.44142553"
"110","Vireo plumbeus","6291","Vireo_gilvus","6270","1299919.83131205","8830552.48599001","1179854.89611946"
"111","Vireo cassinii","6292","Vireo_gilvus","6270","1036899.59231062","8830552.48599001","574642.146516532"
"112","Vireo cassinii","6292","Vireo_huttoni","6320","1036899.59231062","1214666.12199834","280305.350183443"
"113","Vireo bellii","6330","Vireo_gilvus","6270","2636542.06467026","8830552.48599001","1799736.38898607"
"114","Vireo bellii","6330","Vireo_flavifrons","6280","2636542.06467026","3168270.54089188","751091.536832206"
"115","Vireo huttoni","6320","Vireo_gilvus","6270","1214666.12199834","8830552.48599001","346830.642427449"
"116","Vireo huttoni","6320","Vireo_cassinii","6292","1214666.12199834","1036899.59231062","280305.350183444"
"117","Protonotaria citrea","6370","Mniotilta_varia","6360","2227814.6688456","5404732.40195431","1281706.67464791"
"118","Protonotaria citrea","6370","Dendroica_dominica","6630","2227814.6688456","1928938.51856387","1647857.95101454"
"119","Protonotaria citrea","6370","Dendroica_pinus","6710","2227814.6688456","2077585.70678404","998296.676059232"
"120","Dendroica dominica","6630","Mniotilta_varia","6360","1928938.51856387","5404732.40195431","1257427.64107827"
"121","Dendroica dominica","6630","Protonotaria_citrea","6370","1928938.51856387","2227814.6688456","1647857.95101454"
"122","Dendroica dominica","6630","Dendroica_pinus","6710","1928938.51856387","2077585.70678404","1122778.02155849"
"123","Mniotilta varia","6360","Protonotaria_citrea","6370","5404732.40195431","2227814.6688456","1281706.67464791"
"124","Mniotilta varia","6360","Dendroica_dominica","6630","5404732.40195431","1928938.51856387","1257427.64107828"
"125","Mniotilta varia","6360","Dendroica_pinus","6710","5404732.40195431","2077585.70678404","1526449.35923124"
"126","Parkesia noveboracensis","6750","Limnothlypis_swainsonii","6380","7678079.69445039","1142684.10592155","12070.8874520954"
"127","Parkesia noveboracensis","6750","Dendroica_palmarum","6720","7678079.69445039","3388741.73074759","3262094.1910598"
"128","Parkesia noveboracensis","6750","Seiurus_aurocapilla","6740","7678079.69445039","5560914.94524942","3152688.47154507"
"129","Parkesia noveboracensis","6750","Parkesia_motacilla","6760","7678079.69445039","2411617.91812905","375914.098850258"
"130","Parkesia noveboracensis","6750","Oporornis_formosus","6770","7678079.69445039","1970059.23328642","109868.707053644"
"131","Parkesia noveboracensis","6750","Oporornis_agilis","6780","7678079.69445039","1196589.36140084","1050216.79377979"
"132","Parkesia motacilla","6760","Limnothlypis_swainsonii","6380","2411617.91812905","1142684.10592155","913859.881131031"
"133","Parkesia motacilla","6760","Seiurus_aurocapilla","6740","2411617.91812905","5560914.94524942","1721801.5806424"
"134","Parkesia motacilla","6760","Parkesia_noveboracensis","6750","2411617.91812905","7678079.69445039","375914.098850258"
"135","Parkesia motacilla","6760","Oporornis_formosus","6770","2411617.91812905","1970059.23328642","1828138.09130314"
"136","Parkesia motacilla","6760","Oporornis_agilis","6780","2411617.91812905","1196589.36140084","2543.36829164914"
"137","Oporornis formosus","6770","Limnothlypis_swainsonii","6380","1970059.23328642","1142684.10592155","1014747.41019039"
"138","Oporornis formosus","6770","Seiurus_aurocapilla","6740","1970059.23328642","5560914.94524942","1221284.14220809"
"139","Oporornis formosus","6770","Parkesia_noveboracensis","6750","1970059.23328642","7678079.69445039","109868.707053644"
"140","Oporornis formosus","6770","Parkesia_motacilla","6760","1970059.23328642","2411617.91812905","1828138.09130313"
"141","Vermivora cyanoptera","6410","Helmitheros_vermivorum","6390","1784803.48893933","1754212.46454789","998641.958727923"
"142","Vermivora cyanoptera","6410","Parula_americana","6480","1784803.48893933","3366089.02404897","1118888.97380111"
"143","Vermivora cyanoptera","6410","Dendroica_petechia","6520","1784803.48893933","15523411.5295266","1728167.79677762"
"144","Vermivora cyanoptera","6410","Dendroica_pinus","6710","1784803.48893933","2077585.70678404","602720.012003759"
"145","Vermivora cyanoptera","6410","Dendroica_discolor","6730","1784803.48893933","1647483.80263172","850606.014682673"
"146","Vermivora cyanoptera","6410","Geothlypis_trichas","6810","1784803.48893933","12866759.2375821","1784336.77386908"
"147","Vermivora cyanoptera","6410","Wilsonia_citrina","6840","1784803.48893933","2009439.59827429","987146.708578907"
"148","Helmitheros vermivorum","6390","Vermivora_cyanoptera","6410","1754212.46454789","1784803.48893933","998641.958727923"
"149","Helmitheros vermivorum","6390","Parula_americana","6480","1754212.46454789","3366089.02404897","1647212.46591923"
"150","Helmitheros vermivorum","6390","Dendroica_petechia","6520","1754212.46454789","15523411.5295266","1135237.02942331"
"151","Helmitheros vermivorum","6390","Dendroica_pinus","6710","1754212.46454789","2077585.70678404","1050588.61917714"
"152","Helmitheros vermivorum","6390","Dendroica_discolor","6730","1754212.46454789","1647483.80263172","1332812.89567459"
"153","Helmitheros vermivorum","6390","Geothlypis_trichas","6810","1754212.46454789","12866759.2375821","1754203.94757281"
"154","Helmitheros vermivorum","6390","Wilsonia_citrina","6840","1754212.46454789","2009439.59827429","1553974.79368881"
"155","Dendroica nigrescens","6650","Vermivora_luciae","6430","1798857.25760911","391355.086474992","192403.298066453"
"156","Dendroica nigrescens","6650","Dendroica_petechia","6520","1798857.25760911","15523411.5295266","1624709.95314306"
"157","Dendroica nigrescens","6650","Dendroica_graciae","6640","1798857.25760911","1123772.00425037","522813.325947443"
"158","Dendroica nigrescens","6650","Myioborus_pictus","6880","1798857.25760911","1126013.68371578","225272.590215877"
"159","Cardellina rubrifrons","6900","Vermivora_luciae","6430","393332.995143169","391355.086474992","106065.966671407"
"160","Cardellina rubrifrons","6900","Dendroica_graciae","6640","393332.995143169","1123772.00425037","243571.536989763"
"161","Cardellina rubrifrons","6900","Myioborus_pictus","6880","393332.995143169","1126013.68371578","364273.511184393"
"162","Vermivora celata","6460","Vermivora_virginiae","6440","7846143.64808196","336864.696904857","234469.708433035"
"163","Vermivora celata","6460","Vermivora_peregrina","6470","7846143.64808196","4841798.79960176","3830543.12178"
"164","Vermivora celata","6460","Dendroica_tigrina","6500","7846143.64808196","2597215.17394992","1847695.79608235"
"165","Vermivora celata","6460","Dendroica_petechia","6520","7846143.64808196","15523411.5295266","7738363.8090018"
"166","Vermivora celata","6460","Dendroica_coronata","6550","7846143.64808196","10280159.9077172","7415467.56412674"
"167","Vermivora celata","6460","Dendroica_pensylvanica","6590","7846143.64808196","2441176.29908871","822190.55383666"
"168","Vermivora celata","6460","Dendroica_castanea","6600","7846143.64808196","2702365.02228155","1851633.18583517"
"169","Vermivora celata","6460","Dendroica_striata","6610","7846143.64808196","6439953.99315026","4462959.02642809"
"170","Vermivora celata","6460","Dendroica_fusca","6620","7846143.64808196","2046866.85865659","592316.059657806"
"171","Vermivora celata","6460","Dendroica_virens","6670","7846143.64808196","3323344.54537508","1557148.45391859"
"172","Vermivora celata","6460","Dendroica_townsendi","6680","7846143.64808196","1406150.85982244","1348257.64104063"
"173","Vermivora celata","6460","Oporornis_philadelphia","6790","7846143.64808196","2728129.13802754","1217579.40392596"
"174","Vermivora celata","6460","Geothlypis_trichas","6810","7846143.64808196","12866759.2375821","5464497.50373017"
"175","Vermivora celata","6460","Wilsonia_pusilla","6850","7846143.64808196","7993254.4402918","5990068.3411872"
"176","Dendroica tigrina","6500","Vermivora_ruficapilla","6450","2597215.17394992","2791025.83495608","1408217.94936572"
"177","Dendroica tigrina","6500","Vermivora_celata","6460","2597215.17394992","7846143.64808196","1847695.79608234"
"178","Dendroica tigrina","6500","Vermivora_peregrina","6470","2597215.17394992","4841798.79960176","2476211.0570854"
"179","Dendroica tigrina","6500","Dendroica_petechia","6520","2597215.17394992","15523411.5295266","2597155.1534152"
"180","Dendroica tigrina","6500","Dendroica_coronata","6550","2597215.17394992","10280159.9077172","2549478.55551992"
"181","Dendroica tigrina","6500","Dendroica_pensylvanica","6590","2597215.17394992","2441176.29908871","1383611.53294467"
"182","Dendroica tigrina","6500","Dendroica_castanea","6600","2597215.17394992","2702365.02228155","1922297.02653701"
"183","Dendroica tigrina","6500","Dendroica_striata","6610","2597215.17394992","6439953.99315026","1524234.71861372"
"184","Dendroica tigrina","6500","Dendroica_fusca","6620","2597215.17394992","2046866.85865659","1219230.30647935"
"185","Dendroica tigrina","6500","Dendroica_virens","6670","2597215.17394992","3323344.54537508","1821813.02616129"
"186","Dendroica tigrina","6500","Oporornis_philadelphia","6790","2597215.17394992","2728129.13802754","1783305.54877016"
"187","Dendroica tigrina","6500","Geothlypis_trichas","6810","2597215.17394992","12866759.2375821","2211797.86151392"
"188","Dendroica tigrina","6500","Wilsonia_pusilla","6850","2597215.17394992","7993254.4402918","2003883.90164626"
"189","Dendroica striata","6610","Vermivora_ruficapilla","6450","6439953.99315026","2791025.83495608","774345.357531894"
"190","Dendroica striata","6610","Vermivora_celata","6460","6439953.99315026","7846143.64808196","4462959.02642811"
"191","Dendroica striata","6610","Vermivora_peregrina","6470","6439953.99315026","4841798.79960176","3459032.67477364"
"192","Dendroica striata","6610","Dendroica_tigrina","6500","6439953.99315026","2597215.17394992","1524234.71861372"
"193","Dendroica striata","6610","Dendroica_petechia","6520","6439953.99315026","15523411.5295266","5933922.79708127"
"194","Dendroica striata","6610","Dendroica_coronata","6550","6439953.99315026","10280159.9077172","5569609.00264234"
"195","Dendroica striata","6610","Dendroica_pensylvanica","6590","6439953.99315026","2441176.29908871","569533.018944394"
"196","Dendroica striata","6610","Dendroica_castanea","6600","6439953.99315026","2702365.02228155","1696015.09652656"
"197","Dendroica striata","6610","Dendroica_fusca","6620","6439953.99315026","2046866.85865659","450062.644216783"
"198","Dendroica striata","6610","Dendroica_virens","6670","6439953.99315026","3323344.54537508","1624718.05721981"
"199","Dendroica striata","6610","Dendroica_townsendi","6680","6439953.99315026","1406150.85982244","559190.788215582"
"200","Dendroica striata","6610","Oporornis_philadelphia","6790","6439953.99315026","2728129.13802754","1187563.35574523"
"201","Dendroica striata","6610","Geothlypis_trichas","6810","6439953.99315026","12866759.2375821","2892829.29753278"
"202","Dendroica striata","6610","Wilsonia_pusilla","6850","6439953.99315026","7993254.4402918","5624552.16166809"
"203","Dendroica castanea","6600","Vermivora_ruficapilla","6450","2702365.02228155","2791025.83495608","1667626.01488646"
"204","Dendroica castanea","6600","Vermivora_celata","6460","2702365.02228155","7846143.64808196","1851633.18583516"
"205","Dendroica castanea","6600","Vermivora_peregrina","6470","2702365.02228155","4841798.79960176","2613999.30533834"
"206","Dendroica castanea","6600","Dendroica_tigrina","6500","2702365.02228155","2597215.17394992","1922297.02653701"
"207","Dendroica castanea","6600","Dendroica_petechia","6520","2702365.02228155","15523411.5295266","2702301.27444257"
"208","Dendroica castanea","6600","Dendroica_coronata","6550","2702365.02228155","10280159.9077172","2702210.20003518"
"209","Dendroica castanea","6600","Dendroica_pensylvanica","6590","2702365.02228155","2441176.29908871","1500561.62779509"
"210","Dendroica castanea","6600","Dendroica_striata","6610","2702365.02228155","6439953.99315026","1696015.09652656"
"211","Dendroica castanea","6600","Dendroica_fusca","6620","2702365.02228155","2046866.85865659","1373230.62328746"
"212","Dendroica castanea","6600","Dendroica_virens","6670","2702365.02228155","3323344.54537508","2008615.89597663"
"213","Dendroica castanea","6600","Oporornis_philadelphia","6790","2702365.02228155","2728129.13802754","1654631.38148902"
"214","Dendroica castanea","6600","Geothlypis_trichas","6810","2702365.02228155","12866759.2375821","2300927.61604046"
"215","Dendroica castanea","6600","Wilsonia_pusilla","6850","2702365.02228155","7993254.4402918","2281258.55714756"
"216","Oporornis philadelphia","6790","Vermivora_ruficapilla","6450","2728129.13802754","2791025.83495608","1820167.27588541"
"217","Oporornis philadelphia","6790","Vermivora_celata","6460","2728129.13802754","7846143.64808196","1217579.40392596"
"218","Oporornis philadelphia","6790","Vermivora_peregrina","6470","2728129.13802754","4841798.79960176","2051342.22030393"
"219","Oporornis philadelphia","6790","Dendroica_tigrina","6500","2728129.13802754","2597215.17394992","1783305.54877016"
"220","Oporornis philadelphia","6790","Dendroica_petechia","6520","2728129.13802754","15523411.5295266","2727928.25735271"
"221","Oporornis philadelphia","6790","Dendroica_coronata","6550","2728129.13802754","10280159.9077172","2421236.80124591"
"222","Oporornis philadelphia","6790","Dendroica_pensylvanica","6590","2728129.13802754","2441176.29908871","1820393.27209887"
"223","Oporornis philadelphia","6790","Dendroica_castanea","6600","2728129.13802754","2702365.02228155","1654631.38148903"
"224","Oporornis philadelphia","6790","Dendroica_striata","6610","2728129.13802754","6439953.99315026","1187563.35574523"
"225","Oporornis philadelphia","6790","Dendroica_fusca","6620","2728129.13802754","2046866.85865659","1590465.83062522"
"226","Oporornis philadelphia","6790","Dendroica_virens","6670","2728129.13802754","3323344.54537508","2223424.62468146"
"227","Oporornis philadelphia","6790","Geothlypis_trichas","6810","2728129.13802754","12866759.2375821","2659598.08600948"
"228","Oporornis philadelphia","6790","Wilsonia_pusilla","6850","2728129.13802754","7993254.4402918","1563175.55110023"
"229","Vermivora peregrina","6470","Vermivora_ruficapilla","6450","4841798.79960176","2791025.83495608","1732395.75250536"
"230","Vermivora peregrina","6470","Vermivora_celata","6460","4841798.79960176","7846143.64808196","3830543.12178001"
"231","Vermivora peregrina","6470","Dendroica_tigrina","6500","4841798.79960176","2597215.17394992","2476211.05708542"
"232","Vermivora peregrina","6470","Dendroica_petechia","6520","4841798.79960176","15523411.5295266","4840489.50032357"
"233","Vermivora peregrina","6470","Dendroica_coronata","6550","4841798.79960176","10280159.9077172","4601282.89121291"
"234","Vermivora peregrina","6470","Dendroica_pensylvanica","6590","4841798.79960176","2441176.29908871","1568500.04658396"
"235","Vermivora peregrina","6470","Dendroica_castanea","6600","4841798.79960176","2702365.02228155","2613999.30533835"
"236","Vermivora peregrina","6470","Dendroica_striata","6610","4841798.79960176","6439953.99315026","3459032.67477364"
"237","Vermivora peregrina","6470","Dendroica_fusca","6620","4841798.79960176","2046866.85865659","1386282.52305753"
"238","Vermivora peregrina","6470","Dendroica_virens","6670","4841798.79960176","3323344.54537508","2382247.56145658"
"239","Vermivora peregrina","6470","Dendroica_townsendi","6680","4841798.79960176","1406150.85982244","470535.688611919"
"240","Vermivora peregrina","6470","Oporornis_philadelphia","6790","4841798.79960176","2728129.13802754","2051342.22030393"
"241","Vermivora peregrina","6470","Geothlypis_trichas","6810","4841798.79960176","12866759.2375821","3860584.1265835"
"242","Vermivora peregrina","6470","Wilsonia_pusilla","6850","4841798.79960176","7993254.4402918","4080726.36223326"
"243","Dendroica fusca","6620","Vermivora_ruficapilla","6450","2046866.85865659","2791025.83495608","1823665.40294309"
"244","Dendroica fusca","6620","Vermivora_celata","6460","2046866.85865659","7846143.64808196","592316.059657805"
"245","Dendroica fusca","6620","Vermivora_peregrina","6470","2046866.85865659","4841798.79960176","1386282.52305753"
"246","Dendroica fusca","6620","Dendroica_tigrina","6500","2046866.85865659","2597215.17394992","1219230.30647935"
"247","Dendroica fusca","6620","Dendroica_petechia","6520","2046866.85865659","15523411.5295266","2045562.88668764"
"248","Dendroica fusca","6620","Dendroica_coronata","6550","2046866.85865659","10280159.9077172","1744928.33800687"
"249","Dendroica fusca","6620","Dendroica_pensylvanica","6590","2046866.85865659","2441176.29908871","1918931.88360163"
"250","Dendroica fusca","6620","Dendroica_castanea","6600","2046866.85865659","2702365.02228155","1373230.62328747"
"251","Dendroica fusca","6620","Dendroica_striata","6610","2046866.85865659","6439953.99315026","450062.644216784"
"252","Dendroica fusca","6620","Dendroica_virens","6670","2046866.85865659","3323344.54537508","1849568.83626056"
"253","Dendroica fusca","6620","Oporornis_philadelphia","6790","2046866.85865659","2728129.13802754","1590465.83062522"
"254","Dendroica fusca","6620","Geothlypis_trichas","6810","2046866.85865659","12866759.2375821","2035894.84921907"
"255","Dendroica fusca","6620","Wilsonia_pusilla","6850","2046866.85865659","7993254.4402918","1011096.90089257"
"256","Vermivora virginiae","6440","Vermivora_celata","6460","336864.696904857","7846143.64808196","234469.708433035"
"257","Vermivora ruficapilla","6450","Vermivora_celata","6460","2791025.83495608","7846143.64808196","1379804.20417703"
"258","Vermivora ruficapilla","6450","Vermivora_peregrina","6470","2791025.83495608","4841798.79960176","1732395.75250536"
"259","Vermivora ruficapilla","6450","Dendroica_tigrina","6500","2791025.83495608","2597215.17394992","1408217.94936572"
"260","Vermivora ruficapilla","6450","Dendroica_petechia","6520","2791025.83495608","15523411.5295266","2788386.45574078"
"261","Vermivora ruficapilla","6450","Dendroica_coronata","6550","2791025.83495608","10280159.9077172","2631846.66469847"
"262","Vermivora ruficapilla","6450","Dendroica_pensylvanica","6590","2791025.83495608","2441176.29908871","2038793.66561904"
"263","Vermivora ruficapilla","6450","Dendroica_castanea","6600","2791025.83495608","2702365.02228155","1667626.01488647"
"264","Vermivora ruficapilla","6450","Dendroica_striata","6610","2791025.83495608","6439953.99315026","774345.357531894"
"265","Vermivora ruficapilla","6450","Dendroica_fusca","6620","2791025.83495608","2046866.85865659","1823665.40294309"
"266","Vermivora ruficapilla","6450","Dendroica_virens","6670","2791025.83495608","3323344.54537508","2082486.70280859"
"267","Vermivora ruficapilla","6450","Dendroica_townsendi","6680","2791025.83495608","1406150.85982244","309914.781621229"
"268","Vermivora ruficapilla","6450","Oporornis_philadelphia","6790","2791025.83495608","2728129.13802754","1820167.27588541"
"269","Vermivora ruficapilla","6450","Geothlypis_trichas","6810","2791025.83495608","12866759.2375821","2762776.25416596"
"270","Vermivora ruficapilla","6450","Wilsonia_pusilla","6850","2791025.83495608","7993254.4402918","1795870.63616207"
"271","Vermivora luciae","6430","Dendroica_petechia","6520","391355.086474992","15523411.5295266","273095.705210321"
"272","Vermivora luciae","6430","Dendroica_graciae","6640","391355.086474992","1123772.00425037","175642.421360404"
"273","Vermivora luciae","6430","Dendroica_nigrescens","6650","391355.086474992","1798857.25760911","192403.298066453"
"274","Vermivora luciae","6430","Myioborus_pictus","6880","391355.086474992","1126013.68371578","132729.199684684"
"275","Vermivora luciae","6430","Cardellina_rubrifrons","6900","391355.086474992","393332.995143169","106065.966671407"
"276","Dendroica occidentalis","6690","Dendroica_petechia","6520","335625.577117385","15523411.5295266","330377.131267831"
"277","Dendroica occidentalis","6690","Dendroica_coronata","6550","335625.577117385","10280159.9077172","325875.112359531"
"278","Dendroica occidentalis","6690","Dendroica_nigrescens","6650","335625.577117385","1798857.25760911","298413.297895018"
"279","Dendroica occidentalis","6690","Oporornis_tolmiei","6800","335625.577117385","2852799.27248669","282002.914408984"
"280","Dendroica occidentalis","6690","Geothlypis_trichas","6810","335625.577117385","12866759.2375821","311894.722129164"
"281","Oporornis tolmiei","6800","Dendroica_petechia","6520","2852799.27248669","15523411.5295266","2769368.60476229"
"282","Oporornis tolmiei","6800","Dendroica_coronata","6550","2852799.27248669","10280159.9077172","2719592.97531655"
"283","Oporornis tolmiei","6800","Dendroica_nigrescens","6650","2852799.27248669","1798857.25760911","1124995.98696092"
"284","Oporornis tolmiei","6800","Dendroica_townsendi","6680","2852799.27248669","1406150.85982244","1111458.64461612"
"285","Oporornis tolmiei","6800","Dendroica_occidentalis","6690","2852799.27248669","335625.577117385","282002.914408984"
"286","Oporornis tolmiei","6800","Geothlypis_trichas","6810","2852799.27248669","12866759.2375821","2685995.62762087"
"287","Wilsonia canadensis","6860","Dendroica_caerulescens","6540","2778071.5093701","1147825.66562745","998902.963812372"
"288","Wilsonia canadensis","6860","Dendroica_magnolia","6570","2778071.5093701","3723833.14858862","2549933.04327729"
"289","Wilsonia canadensis","6860","Setophaga_ruticilla","6870","2778071.5093701","7468329.47625163","2255311.30533658"
"290","Dendroica magnolia","6570","Dendroica_caerulescens","6540","3723833.14858862","1147825.66562745","1003823.72299042"
"291","Dendroica magnolia","6570","Wilsonia_canadensis","6860","3723833.14858862","2778071.5093701","2549933.04327727"
"292","Dendroica magnolia","6570","Setophaga_ruticilla","6870","3723833.14858862","7468329.47625163","2901275.60697864"
"293","Dendroica caerulescens","6540","Dendroica_magnolia","6570","1147825.66562745","3723833.14858862","1003823.72299043"
"294","Dendroica caerulescens","6540","Wilsonia_canadensis","6860","1147825.66562745","2778071.5093701","998902.96381237"
"295","Dendroica caerulescens","6540","Setophaga_ruticilla","6870","1147825.66562745","7468329.47625163","1144074.12078978"
"296","Wilsonia citrina","6840","Dendroica_discolor","6730","2009439.59827429","1647483.80263172","1451024.21450879"
"297","Wilsonia citrina","6840","Geothlypis_trichas","6810","2009439.59827429","12866759.2375821","2000508.14452787"
"298","Limnothlypis swainsonii","6380","Seiurus_aurocapilla","6740","1142684.10592155","5560914.94524942","347535.180769329"
"299","Limnothlypis swainsonii","6380","Parkesia_noveboracensis","6750","1142684.10592155","7678079.69445039","12070.8874520954"
"300","Limnothlypis swainsonii","6380","Parkesia_motacilla","6760","1142684.10592155","2411617.91812905","913859.881131032"
"301","Limnothlypis swainsonii","6380","Oporornis_formosus","6770","1142684.10592155","1970059.23328642","1014747.41019039"
"302","Dendroica palmarum","6720","Seiurus_aurocapilla","6740","3388741.73074759","5560914.94524942","2157157.36373399"
"303","Dendroica palmarum","6720","Parkesia_noveboracensis","6750","3388741.73074759","7678079.69445039","3262094.19105981"
"304","Oporornis agilis","6780","Seiurus_aurocapilla","6740","1196589.36140084","5560914.94524942","1044648.46556159"
"305","Oporornis agilis","6780","Parkesia_noveboracensis","6750","1196589.36140084","7678079.69445039","1050216.79377978"
"306","Oporornis agilis","6780","Parkesia_motacilla","6760","1196589.36140084","2411617.91812905","2543.36829164914"
"307","Oreoscoptes montanus","7020","Mimus_polyglottos","7030","1997217.99378418","10150915.5226004","1929120.10896739"
"308","Oreoscoptes montanus","7020","Toxostoma_bendirei","7080","1997217.99378418","822803.582861889","264749.38566552"
"309","Toxostoma bendirei","7080","Mimus_polyglottos","7030","822803.582861889","10150915.5226004","822803.147216865"
"310","Toxostoma bendirei","7080","Toxostoma_crissale","7120","822803.582861889","1010670.17315358","357149.596741544"
"311","Toxostoma redivivum","7100","Mimus_polyglottos","7030","210489.200366976","10150915.5226004","210488.904647343"
"312","Thryomanes bewickii","7190","Salpinctes_obsoletus","7150","3287758.30180143","5440177.15518729","2571750.45867227"
"313","Thryomanes bewickii","7190","Troglodytes_aedon","7210","3287758.30180143","25719848.0149152","1650819.67589374"
"314","Salpinctes obsoletus","7150","Thryomanes_bewickii","7190","5440177.15518729","3287758.30180143","2571750.45867227"
"315","Salpinctes obsoletus","7150","Troglodytes_aedon","7210","5440177.15518729","25719848.0149152","3449853.26150217"
"316","Troglodytes pacificus","7221","Troglodytes_aedon","7210","1829733.00143087","25719848.0149152","791709.001950472"
"317","Troglodytes pacificus","7221","Cistothorus_palustris","7250","1829733.00143087","5115048.10586537","598431.542945214"
"318","Cistothorus platensis","7240","Troglodytes_aedon","7210","6659425.84947763","25719848.0149152","6501466.75914409"
"319","Cistothorus platensis","7240","Troglodytes_hiemalis","7222","6659425.84947763","3367027.89710021","862798.694261626"
"320","Troglodytes hiemalis","7222","Troglodytes_aedon","7210","3367027.89710021","25719848.0149152","1331303.38300839"
"321","Troglodytes hiemalis","7222","Cistothorus_platensis","7240","3367027.89710021","6659425.84947763","862798.694261631"
"322","Troglodytes hiemalis","7222","Cistothorus_palustris","7250","3367027.89710021","5115048.10586537","1213358.30295588"
"323","Sitta canadensis","7280","Certhia_americana","7260","7561000.65121736","6558694.05037417","5102508.15251956"
"324","Certhia americana","7260","Sitta_canadensis","7280","6558694.05037417","7561000.65121736","5102508.15251956"
"325","Parus rufescens","7410","Baeolophus_inornatus","7330","958072.282131644","203069.930706127","83988.4837579976"
"326","Parus rufescens","7410","Psaltriparus_minimus","7430","958072.282131644","2731700.51447113","268994.158246807"
"327","Chamaea fasciata","7420","Baeolophus_inornatus","7330","283815.459965153","203069.930706127","179426.946916153"
"328","Parus gambeli","7380","Baeolophus_ridgwayi","7331","2947885.72954464","1061182.0921838","977382.865767447"
"329","Parus hudsonicus","7400","Parus_atricapillus","7350","7194207.20469763","9100820.00014834","4159703.64489123"
"330","Baeolophus ridgwayi","7331","Parus_gambeli","7380","1061182.0921838","2947885.72954464","977382.865767447"
"331","Psaltriparus minimus","7430","Parus_rufescens","7410","2731700.51447113","958072.282131644","268994.158246807"
"332","Regulus calendula","7490","Regulus_satrapa","7480","9337751.4341333","6385444.49983444","5304926.22127103"
"333","Regulus satrapa","7480","Regulus_calendula","7490","6385444.49983444","9337751.4341333","5304926.22127105"
"334","Polioptila melanura","7520","Polioptila_caerulea","7510","1107372.71005645","6638060.44240486","943920.721755048"
"335","Catharus guttatus","7590","Myadestes_townsendi","7540","8804194.27508537","3903523.40516895","3329031.9809146"
"336","Catharus guttatus","7590","Catharus_ustulatus","7580","8804194.27508537","7752561.34983554","6314220.40063797"
"337","Sialia currucoides","7680","Myadestes_townsendi","7540","4454444.27512079","3903523.40516895","2843189.33236432"
"338","Myadestes townsendi","7540","Catharus_guttatus","7590","3903523.40516895","8804194.27508537","3329031.9809146"
"339","Myadestes townsendi","7540","Sialia_currucoides","7680","3903523.40516895","4454444.27512079","2843189.33236432"
"340","Catharus ustulatus","7580","Catharus_guttatus","7590","7752561.34983554","8804194.27508537","6314220.400638"
"341","Sialia mexicana","7670","Catharus_guttatus","7590","1882061.58973036","8804194.27508537","1180403.12273473"
