"FocalAOU","CompetitorAOU","Estimate","P","R2"
3000,2881,0.828634222442189,9.24702105281758e-07,0.0302649282144535
3000,2980,-0.213122284644834,0.684101926926139,0.000211266603953893
2940,2920,-1.00527678366612,0.204581810865404,0.00714298021753509
2890,2930,-1.6437475340452,0.0192783130342037,0.00429416480419464
2881,3000,0.716574183176924,0.000116437300701295,0.0441972601913654
3120,3160,-3.37869435599954,7.92427382922549e-15,0.217164931508258
3120,3131,-0.981241812938957,0.0189620908790146,0.0220850348045134
3190,3210,-4.02208797686104,5.67223236121518e-06,0.0830637920842897
3190,3160,-14.0187682325354,2.58654375822921e-53,0.630112496930129
3190,22860,-5.7037138893658,2.05297897966634e-19,0.289524207548609
3190,3131,-3.57492030734517,8.60606211191532e-13,0.193710666401409
3190,3200,-1.24470972182219,0.0730827418070761,0.0134347203330193
3190,3120,-1.65534507580639,0.169888729045678,0.00790090910951031
3160,3120,-4.42267354799089,6.87499841646146e-65,0.104503658099267
3160,22860,-1.94749756578003,2.4544834120405e-14,0.0219300001424077
3160,3131,0.0631056341370459,0.705928017945654,5.43102910018058e-05
3160,3200,2.10238526199106,0.095815657485283,0.00105755463290827
3160,3210,8.90392145029033,5.55226354452847e-05,0.00617939917576333
3160,3190,1.85142143977613,0.000208944194772287,0.00523093569616405
3200,22860,-2.38257411762911,3.73151461398696e-05,0.0875844167297781
3200,3131,-0.495879679490238,0.293916747096726,0.0059208799759569
3200,3210,-1.51567457611983,0.00347449139769452,0.0449928281186908
3200,3160,-14.3594559851124,5.12358565712466e-09,0.168101747561226
3200,3190,-0.823546648642561,0.0515856895118997,0.0202193342218886
3880,3870,-0.0675683620265267,0.461184953666648,0.000459883391577018
3870,3880,-5.28259825816359,1.22681455384742e-118,0.274867337866412
4120,4010,-4.47569108601013,1.33590768837746e-05,0.0100629361093637
4120,4090,-1.46510501879698,2.03839109018903e-22,0.0493487607313988
4120,3930,-1.53200639024208,1.39961270064899e-08,0.0170248511785857
4120,3940,-3.93048674427794,3.96084142203709e-54,0.120169701960199
4120,4000,0.376532145322055,0.718221782871059,6.9457641656628e-05
4120,3950,-3.5209879312409,0.00168613910808766,0.00524797794139952
4120,3960,-2.67761777382937,0.000416682220354799,0.00662286820015862
4120,4060,-2.88555218386807,3.30908839083359e-56,0.124631995707891
4120,4020,1.87122548906385,1.08535362897207e-21,0.0476686831615467
4120,4080,-1.86398442201631,0.114624501363387,0.00132708611899019
4120,4021,-1.94218656335382,0.144387880715777,0.00113595666260836
4020,4010,-3.57292057591591,0.0137855081661113,0.00961941056293444
4020,3930,-6.50493033462925,4.64449034030122e-64,0.365577706554076
4020,4000,0.626001392423535,0.592627504714199,0.000456086382796057
4020,4060,-3.56646182288072,4.25054316912889e-20,0.125708853965083
4020,4090,-3.47758495133608,4.61731689582458e-35,0.215908228493418
4020,4120,-6.81741763928079,1.84605277208036e-67,0.381162208774244
4020,3940,-6.2458679330296,2.45121738240396e-63,0.36221708625106
4090,3960,-3.25602014519773,0.00966885047867459,0.00427284703906501
4090,4020,-6.69120883789672,2.35184953898456e-199,0.440320034237555
4090,3930,-10.1093633928671,1.34940140717609e-289,0.570845543102356
4090,4120,-8.97630016866752,9.76700367558901e-315,0.601453246580032
4090,3950,5.711948394603,0.0221554836521259,0.0033417224292783
4090,4100,-4.52667289269594,0.00159250926810243,0.00635540441653305
4090,3940,-11.1291920696647,2.4692747166595e-284,0.564147235624397
4090,4060,-1.42946650333341,0.000295257118208327,0.00834378799706665
3930,4070,0.990937175185216,3.37791540783685e-05,0.00771959233732634
3930,4090,-1.05947183603689,9.24165970122394e-39,0.0735812318204557
3930,4040,1.86967864893772,1.65271019615548e-08,0.0142606306696727
3930,4000,3.22127139481158,1.29530621030494e-14,0.0264138024404922
3930,3970,0.143224168920121,0.709578891070941,6.25168321588284e-05
3930,4010,0.757796051892189,0.0134350356950484,0.00275073042041428
3930,3960,0.295344320262811,0.301769013322755,0.000480551742214059
3930,3990,1.97332546168444,0.000176447808931925,0.00632053847239874
3930,4021,0.487695802094113,0.00805992207693934,0.00315934882319679
3930,3950,-0.315534079813424,0.623626164238705,0.000108537630340215
3930,3940,-0.960625704785661,2.27039082547763e-13,0.023939417358342
3930,4080,-0.18134587537214,0.613190578179779,0.000115186015245358
3930,4020,1.39937482425921,1.31766606527067e-32,0.0617465640274611
3930,4060,-1.2921685310601,2.92628952305557e-37,0.0707081765764148
3930,4030,1.60754488862831,2.07747333604545e-10,0.0180423241487055
3930,4120,-0.789387274474203,3.91191437795971e-13,0.0234690884383048
3960,4090,-2.03968552200675,0.000496833960370144,0.0632850125437923
3960,3940,-2.47712758734882,0.000258045288220872,0.069451425970334
3960,4070,-1.31123202772149,0.0551781741000186,0.0196251590222677
3960,3930,-1.40108835702308,0.0851329876047506,0.0158517579215684
3960,4100,4.11906701672809,5.22762131797266e-10,0.18781234985591
3960,4021,-1.66504537166339,0.231552806696032,0.00768615720558555
3960,4060,-3.00600905610748,0.00223416386024909,0.0491362388678737
3960,4140,5.80274829096305,1.53365784981796e-06,0.117108571990671
3960,4110,4.72710987582539,6.37952802852465e-12,0.224682302591254
3960,4120,0.398444065624165,0.875236189990864,0.000132887985824511
3940,4120,1.03253821801997,2.11993195359577e-08,0.0130472089423742
3940,4021,-3.85070154480049,1.02541775985715e-54,0.0965728239139897
3940,3960,-1.91079581261095,2.51773306169319e-06,0.00922809752309045
3940,3950,3.36370748527286,0.00892033713646652,0.00285789074670797
3940,4040,-3.73032162464633,4.99380171489103e-21,0.0363737316589536
3940,4000,-3.12405673708827,8.42768625594933e-11,0.0174874487169159
3940,3990,-4.09593497174612,5.51609175965905e-12,0.0196800592704685
3940,3930,-2.46405193177448,1.68937460158607e-33,0.0590653759213992
3940,4070,-1.93716080113734,4.78655884135297e-09,0.0142413362086105
3940,4020,-0.453863664734193,0.012284666808142,0.00262025393752715
3940,4090,3.62150266099824,6.77785611794059e-176,0.284379654727749
3940,4080,-3.80058068476063,1.19200659322812e-16,0.0283101210783149
3940,4060,1.1806778330122,2.11646140604943e-09,0.0148966772490538
3940,3970,-1.73880232412185,0.000239697954176885,0.00563008251827996
3940,4010,-3.74433647599825,4.73822047842226e-23,0.0400841121291331
3940,4100,-3.70662793756824,0.000619681534007,0.00489107723183955
3940,4030,-2.97871362623826,2.22002745718758e-17,0.0296574243780495
4021,4040,-0.541785137752086,0.255111871435391,0.00414895682954761
4060,4090,0.211517619722898,0.173883310451262,0.00130090670749369
4060,4120,-0.959787742070378,9.00365435862482e-08,0.0199166751114908
4320,4290,-2.84759622496378,5.13050424299217e-05,0.0672657402898339
4290,4320,-0.10390750370948,0.652940659046886,0.000611651059103807
4330,4360,-2.9371281821447,2.23647007355913e-07,0.118556831014086
4470,4560,-3.46058218531172,1.12315406167381e-22,0.098774988632688
4470,4600,-1.08806454394493,0.690299108702445,0.000171898302503118
4470,4520,-3.03386851582315,6.5579322024096e-18,0.0773484194484012
4470,4691,-2.44552970351985,1.95322100184666e-07,0.0288962338848215
4470,4430,-1.70766943544124,1.78551340332924e-06,0.0244001429391585
4470,4610,-4.01000858741519,4.76429124713423e-26,0.11366421568536
4470,4720,6.60270025769554,0.121539175491707,0.00259259727300564
4470,4641,-2.31940260231775,5.5750485436779e-08,0.0314448844427384
4470,4630,-5.76650137695836,0.000721394713761665,0.0123040694926954
4470,4540,-0.984628262850482,0.00127479372412527,0.0111754878288166
4470,4530,1.11762607836828,0.195907442168189,0.00180953958096097
4470,4670,-2.07051161460293,1.2337778340561e-07,0.0298301012993116
4470,4680,-3.50304170191823,4.1722797751449e-27,0.118286577174956
4470,4590,-3.93057741328527,1.51749559208791e-34,0.150163110387243
4470,4510,0.752675877622003,0.882919395445199,2.34845849126367e-05
4470,4570,-2.51049696748737,2.04330375197536e-11,0.0474859821795269
4470,4660,-3.23446327589975,1.09616412215502e-22,0.098821981935378
4470,4580,-0.722078273443962,0.286871395082573,0.00122744976472448
4470,4710,-2.17199144269644,0.0169720803234364,0.00615236192427884
4470,4640,-3.25379827655786,2.67532874808585e-16,0.0700098750096787
4470,4650,-6.39014466034939,5.97779889437119e-10,0.0406541346650439
4470,4661,-3.39772899450867,5.95401085881052e-09,0.0359899679607048
4470,4461,-3.63086383140018,0.156208055389665,0.00217473584604417
4470,4480,-1.33473172070767,0.0043473655364471,0.00876773493893428
4470,4440,-1.76882376377266,1.00291493323764e-09,0.03960493208826
4470,4620,-3.15875591258385,1.63134374017243e-33,0.145810055178574
4470,4550,1.82057334193336,0.402059627286502,0.000760033241483225
4470,4690,-3.61553291044835,3.73370112277363e-33,0.144287385755355
4520,4620,-4.44050832022934,0.000754054014776243,0.00631954280905061
4520,4630,-3.23382683670308,2.28355066886711e-10,0.0222058148750777
4520,4650,-0.951523820461069,2.88620905195779e-05,0.00972139997519807
4520,4560,-3.99601203288294,2.94864405945849e-75,0.171539007134091
4520,4540,-3.61576667067054,1.22459200365845e-07,0.0155064594444897
4520,4610,-2.7517571126,2.28685018531004e-29,0.0682581098853101
4520,4450,4.32674137447217,0.109974043031821,0.00142573168400158
4520,4660,-3.11970096065354,4.0659894869098e-41,0.0958187065011843
4520,4430,-1.80231324774113,2.08559188705848e-11,0.0247588068926813
4520,4710,-4.09451233353237,4.30086763090942e-07,0.0141708375987394
4520,4570,-5.61201118965936,8.73241601409656e-16,0.0354887163481489
4520,4590,-3.61773325792637,1.69346188290406e-12,0.0274358433707299
4520,4440,-3.86534170823111,1.33359577862616e-52,0.122010659537729
4520,4670,-2.52226963834028,1.32461935122084e-36,0.0853239970702785
4520,4470,-3.35978562902879,1.0481942863855e-33,0.0785240911576481
4520,4661,-1.85969152373693,1.77259762724316e-16,0.0371803554838196
4440,4630,-4.07017328233656,3.18680088058484e-17,0.0326225963385397
4440,4670,-2.34711894533812,1.43950977027075e-33,0.0656370859195566
4440,4610,-0.587474219138721,0.00260390824528671,0.00421280366221806
4440,4540,-3.85576471716711,4.01914235634338e-18,0.0344617684770896
4440,4480,-2.82288549410794,0.00112439166459071,0.00492873669603653
4440,4430,-1.05260186421924,0.000456001446303735,0.00570543190944604
4440,4650,-0.917928318710044,1.12573231993246e-05,0.00894011690117147
4440,4641,-3.39691904515332,2.60756761158157e-08,0.0143223248687053
4440,4470,-1.19603583924088,2.67926829143056e-08,0.0142981605072959
4440,4640,-3.60391025894677,9.35711829151502e-17,0.031664989387311
4440,4690,-3.57479151320762,2.66488250456425e-32,0.0631115095853877
4440,4570,-3.04776793307379,3.69496536036673e-20,0.0386185416161674
4440,4680,-3.60157069888018,1.92467848304625e-27,0.0533739396866936
4440,4450,-4.42006189110522,0.000271469471170134,0.0061545102826983
4440,4620,-2.98198714370775,1.01967451554917e-36,0.0718866733609915
4440,4661,-1.91766876306117,1.78236982039773e-19,0.0372250434806184
4440,4710,-4.67626459128543,4.59502390318694e-08,0.0138177455024145
4440,4691,-3.14939509607854,9.39061132584155e-08,0.0131815979128496
4440,4520,-0.56547866716289,0.00517727747813759,0.00363317437517108
4440,4560,-1.33202367111005,4.51148119051328e-12,0.0220528652476767
4440,4590,-4.509377918551,1.66360631215474e-49,0.0968616183706212
4440,4660,-2.07476512054347,1.04631934014253e-21,0.0417695636537837
4430,4610,-4.27307508831961,1.92235817287412e-21,0.263605438666635
4430,4530,1.47706016638521,0.436353870296886,0.00204815691625959
4430,4440,-4.93137903209934,1.22251826922606e-26,0.32036100515925
4430,4560,-2.80640470631447,2.7798532560525e-08,0.0991495006604348
4430,4650,-4.86122806036322,1.72324931516341e-21,0.264144325695726
4430,4520,-3.96726415647824,2.79395524637615e-17,0.214867593176286
4430,4460,-2.28088187484838,0.399819779132003,0.00239599811021654
4430,4461,-0.630781822942727,0.793770235496171,0.000231239694382415
4430,4540,-0.885962629740125,0.214639574029313,0.00519744603694064
4430,4470,-1.46609733841403,0.00179345657269734,0.0324555648164745
4430,4620,-2.24992837482392,0.04714733608469,0.0132452046400807
4430,4490,1.01667612279794,0.893008477455199,6.12157002769244e-05
4430,4570,-3.82419786076609,4.83906688461162e-07,0.0821373833866961
4430,4660,-6.35374584171033,0.000363356203203619,0.0421054702175133
4430,4710,0.00253758216695696,0.998487248703595,1.21645866260509e-08
4430,4480,-2.79359848822771,0.0107183342604915,0.0217941911541323
4560,4670,-1.39471639017856,9.95688510580456e-11,0.0243976973385989
4560,4710,-2.35472521247393,0.0210364326660965,0.00313871367936927
4560,4540,-1.70493864257775,0.0144743591778239,0.00352453672836467
4560,4570,-4.98711723097041,8.12926371336842e-19,0.0452778541001768
4560,4590,-3.7165599770229,1.92032245176943e-11,0.0262511907883175
4560,4610,-2.07628315326297,4.19670479909697e-15,0.0357238040016332
4560,4440,-5.17768052644013,5.27644732468293e-98,0.229458731429575
4560,4470,-2.96412622700043,3.72790679786711e-26,0.063949133623744
4560,4430,-0.184338372383235,0.540364251302383,0.000221330721730576
4560,4660,-1.89093338283858,4.26374819837134e-14,0.033122524899211
4560,4650,-0.415129217402337,0.0824735642500138,0.00177902937156684
4560,4630,-3.26034980344345,1.48767449566761e-09,0.0213515193787337
4560,4661,-1.20965451275478,2.42376175248499e-07,0.0156202716930318
4560,4620,-4.61578011526279,5.23680181239743e-17,0.0406308635503583
4560,4520,-2.83078842083155,7.63569912381456e-27,0.0656852806534839
4570,4540,1.25425200794197,1.15299657846478e-07,0.0439961370435143
4570,4470,-0.810004140656941,0.00177783471535683,0.0155162098953224
4590,4470,-0.679295620663605,0.00077710541166337,0.0133644756883462
4590,4620,0.735520822461484,0.00010851708729647,0.0176885143573646
4540,4570,-3.96209363337491,2.15888545799603e-18,0.181778620840614
4540,4480,0.726510135402861,0.209155188095762,0.00412583548703419
4610,4440,-5.25149924356307,4.69651763194743e-86,0.202792445641038
4610,4660,-1.6555427102622,2.23261030233881e-09,0.0207487691624725
4610,4710,-3.13548380172681,0.00299233694476066,0.00515356609490599
4610,4540,-3.07792269310769,0.000691870554012687,0.00672658975093637
4610,4630,-4.56286733775652,7.16040269635267e-20,0.0476511808250256
4610,4670,-2.57956761327315,2.88924550767438e-33,0.0811876669272606
4610,4570,-6.33603050278767,1.07362411824538e-13,0.0318632254253199
4610,4470,-4.72273125702215,1.64633409729737e-54,0.132151126928931
4610,4650,1.66313149257295,5.24627539046122e-09,0.0197931898518116
4610,4430,-3.06589650480081,2.73773266223802e-24,0.058826445353358
4610,4520,-4.10496959654154,2.65558578197536e-44,0.108009969275649
4610,4590,-4.90844579255127,5.09843264468011e-17,0.0403805525765204
4610,4661,-2.20472781901025,3.95577887783249e-22,0.0533760016322584
4610,4560,-3.42571772322711,2.42443219472017e-37,0.0911811138145177
4480,4540,-2.30592279113703,0.00517446996693418,0.0475387759443402
4620,4590,-0.513920171229903,0.201427654493595,0.00208343961000807
4620,4600,6.17229265889957,0.342724875490678,0.00114976886014258
4620,4530,-1.32221229992604,0.152745414838783,0.00260951754088407
4620,4640,4.08649607940881,3.76662818468176e-11,0.054353734134214
4620,4440,-2.14844370587305,1.13515316611875e-10,0.0517423699084641
4620,4520,-2.68453690262994,0.000301132683103753,0.0165557620231245
4620,4690,2.41666625539092,2.10257424609806e-10,0.0502813966259605
4620,4691,-1.1444141791824,0.0208578847932869,0.00679930314527399
4620,4680,0.601885807459639,0.118060188066214,0.00311700700925694
4620,4570,-3.15036838134684,4.29787245366637e-25,0.127880871901863
4620,4630,-4.11828057792869,7.51515870213606e-05,0.0198345138002317
4620,4470,-3.35513733646394,3.60425410853655e-43,0.21532788311196
4620,4660,0.292967258425312,0.454489085662005,0.000714673726636559
4620,4710,-1.80962411931666,0.110412244196962,0.00325132898376305
4620,4430,-1.90999219699931,0.00884707257217475,0.00872014206599364
4620,4550,0.972340859905825,0.505854594198595,0.000565504432016295
4620,4480,-0.899303783773793,0.0215866764347143,0.00672335715837126
4620,4661,-1.91323619220192,1.59728803069814e-07,0.0344936452340716
4620,4560,-2.4532122575054,0.000201533276417814,0.0175021735517881
4620,4670,-0.420595580901678,0.345598143704431,0.00113616425609139
4620,4641,-0.31300399140293,0.403838591143741,0.000890167603741788
4620,4720,0.376501559982264,0.887880353891674,2.54019515240173e-05
4620,4580,-1.76155116481148,0.00059077105388413,0.01497281143728
4620,4510,2.354188263249,0.49780797809908,0.00058718382899245
4620,4540,-1.72054061453923,4.61836839820713e-10,0.0484144864150942
4670,4560,-2.37560108432984,2.33192182335167e-15,0.0637035436187619
4670,4570,-3.53863321010507,1.54961476853716e-11,0.0465686002040202
4670,4440,-5.19211313300058,1.8170266014066e-57,0.234897660136976
4670,4680,-3.81629897824894,2.92484440959403e-15,0.0632653192251254
4670,4641,-2.99863919640348,0.000756494511545865,0.0118278061056769
4670,4610,-3.17846799941579,1.56751464816377e-26,0.112347254958783
4670,4640,-4.70012402981747,3.8658611587068e-09,0.0357279625394235
4670,4630,3.77764334005309,1.21046767161794e-06,0.0244066862508504
4670,4520,-3.00140295848456,1.12020527634706e-22,0.0958261642084404
4670,4660,-5.02117606873667,1.6897524212685e-75,0.298503029524823
4670,4661,2.64051332172307,8.71712901105024e-16,0.0656050694272355
4670,4590,-0.58743130969193,0.315440760792971,0.00105634460887157
4670,4470,-1.84915471826578,3.58511921927698e-07,0.0268032510705866
4670,4620,-2.78219997438957,1.84408538093549e-15,0.0641573861524082
4670,4650,-3.861056293815,3.73518347316103e-25,0.106476213942063
4670,4690,-3.30499364155143,9.06642254454467e-14,0.0566039003834384
4641,4620,-6.02184531046764,4.07432293284476e-27,0.448347043699459
4641,4580,0.444282636107923,0.657374173378485,0.00100577671803971
4641,4440,-4.35678926148379,2.6434768472772e-06,0.106699735573074
4641,4691,-2.18887374442954,0.050104471188578,0.0194399183224711
4641,4470,-2.29875710754795,0.000636226412409272,0.0579304529223978
4641,4540,0.964970806900104,0.196524720465029,0.00849570457598774
4641,4660,-3.28142712684176,1.55218430254989e-06,0.111361113865451
4641,4640,-3.56149323417406,0.141853964151658,0.0109762450591578
4641,4661,-4.58802941737676,2.4297463748861e-09,0.166449767954855
4641,4570,-5.09949217928136,3.05878608853925e-07,0.12547434875675
4641,4590,-6.96955368908849,1.06804979054946e-19,0.344166043506682
4641,4670,-5.20734906127264,1.25902838684629e-09,0.171894333437247
4641,4680,-4.1176810296581,6.49307659400343e-11,0.196059170410233
4641,4690,-4.24461406413007,6.54898431858016e-14,0.249822284750653
4650,4590,-3.99639001846424,0.00825714972954212,0.00652045184524542
4650,4660,-2.11659808726269,5.85799142529856e-18,0.067530086208775
4650,4610,-4.11856258992495,1.32783873779233e-30,0.116612139920713
4650,4661,-2.46345875669635,1.06061179313243e-10,0.0383510360138034
4650,4670,-2.35811920017741,5.40743640695162e-15,0.0556854795809091
4680,4690,-1.47130475448772,0.00019280345093744,0.0362454936809711
4680,4640,-1.96053489863362,5.01493240711513e-05,0.0427317417962933
4691,4640,-0.5812583568562,0.245099731246331,0.00754013065168245
4691,4690,-0.521903225894074,0.281357437577663,0.00648039602433088
4660,4661,-0.853928079551115,6.72735239157012e-05,0.0103799222365921
6870,6570,5.71881515576824,5.65652367069093e-48,0.147039887363586
6870,6540,4.44192366484334,5.81115237008151e-22,0.0673162565634562
6870,4670,0.952394815083854,0.000282782174941938,0.00985061723805239
6870,6860,3.39484155907066,1.41310091872939e-10,0.0304289901585328
4690,4691,-1.57000048169064,0.000394143140062866,0.0307977389951012
4690,4680,-0.254227815117582,0.556814808906251,0.000859528176316944
4640,4680,-0.950684296152772,0.00827317668093036,0.0266154948501938
4640,4691,-0.492775030800851,0.182688601423168,0.00684536257473542
4750,4770,-2.55689733883066,6.84175762334373e-20,0.11070294021327
4750,4780,-2.33527743350013,6.39852853919765e-09,0.0463367959327259
4750,4880,-1.52624522713865,5.04741775917516e-08,0.0409377617832352
4750,4920,-1.01113008604889,0.0448498837767164,0.00564799119607816
4750,4910,-1.35018724386499,0.00189920786620134,0.0134824961317918
4750,4812,-1.41738914167577,0.191880197542238,0.00239420363346352
4750,4840,-2.36641820341718,5.54442497372864e-10,0.0527124412037584
4840,4910,-0.945121249964188,0.0116890205843948,0.0167880309005403
4840,4780,-1.01029445875124,0.00612529304899564,0.0198092758527563
4812,4840,-2.59539673661535,1.13559876489609e-05,0.083675005445564
4812,4910,-2.19469501787033,8.20955784892772e-07,0.104379026077176
4812,4780,-0.696127979422797,0.105276484344567,0.0118284475543698
4770,4870,-6.33234388928102,1.13853407106714e-21,0.0460156510480875
4770,4910,-5.80660201617131,8.98675814962244e-27,0.0573845842689527
4770,4790,6.17673082017446,0.0724681498872387,0.00166033086712816
4770,4840,-5.80290224808347,7.90720075252739e-25,0.0530657069594519
4770,4920,-7.10758577889459,7.36006313525277e-19,0.0397075713378987
4770,4880,-1.33988772411373,7.61894380724688e-07,0.0125153396471638
4770,4750,-5.27955032470182,4.87797070602702e-146,0.289006577057815
4770,4900,1.95073440670637,4.30803993291093e-11,0.0221404248159562
4780,4812,3.7909167856734,3.55601063556722e-09,0.0754131896211639
4780,4840,-2.79124636627274,1.09586679986823e-09,0.0801716237887039
4780,4910,-2.88400711411401,1.21182193012556e-13,0.116363192963438
4910,4840,-0.50466321009008,0.164500027644654,0.00569233566352539
4880,4760,-1.30574347059559,0.21252306061201,0.000635054837300771
4880,4770,1.92232181927901,5.2734430227297e-13,0.0210707240778153
4880,4900,-0.238519525622724,0.610205116024863,0.000106218084233441
4880,4780,-4.93548505709338,2.94453415241323e-78,0.133556142380145
4880,4870,-7.37816980656931,4.81724518810687e-44,0.0761417119900067
4880,4750,-4.67195096355136,2.34436153406191e-131,0.215801654321398
4880,4920,-5.88104686010444,7.24416829728283e-71,0.121453972989278
4880,4910,-6.31214488364783,2.64836751333505e-94,0.159269818202698
4880,4812,-2.68087406849172,1.27268299647821e-08,0.0131450458279464
4880,4840,-6.22424798358228,1.63483099011036e-62,0.107577176662218
4880,4790,-8.50030548639019,1.33046676219323e-05,0.00772245431994905
4900,4770,-8.55204488911222,4.28084216310097e-52,0.326516620875704
4900,4880,-8.35600044419575,1.39111466557514e-43,0.279948043545868
4900,4790,0.929876375957503,0.626477224685739,0.000405861355899079
4980,5110,0.00550569105708315,0.972424202734283,4.59153774525374e-07
4980,5100,-2.00927531090538,4.34258908600951e-28,0.0453363918969717
4980,5011,-1.35629676800525,2.57859372212402e-18,0.0288506826405017
4980,5040,-5.88474939831073,8.57818014497229e-63,0.101911582557141
4980,5080,-5.24352873668609,1.44119617492273e-93,0.149377323764179
4980,5070,0.940002826070617,0.0231023665524868,0.00198104809822969
4980,5000,2.52099890937838,0.0168645062025917,0.00219179986047683
4980,4970,-0.357449711513954,0.410115010233282,0.000260664298359361
4980,5060,-3.25565125090414,2.21810922790539e-42,0.0690238305825302
4980,5010,-1.92142396611605,1.16590904702577e-26,0.0429395799019839
4980,5090,-7.08724864946876,3.8078405504501e-24,0.0387109411754102
4980,5120,-3.67118801363309,1.37795161279765e-30,0.0495153023948212
4980,4950,-5.37773999842958,8.14450670999382e-261,0.367030893327738
4980,5050,-5.99800370276741,2.58487480522934e-19,0.0305447547427898
4980,4940,2.22656288215058,2.90958631431195e-07,0.0100581257040387
4980,5130,-1.06204245463834,0.0131042756754478,0.00236223051325986
4980,4960,-6.5827967676954,6.82835058738014e-15,0.0230339327425962
5070,5011,-1.08055167882596,4.7992145750883e-12,0.0269644409298809
5070,4940,1.35761817734716,9.60273203673438e-14,0.0312310487829171
5070,5060,-1.89250008553221,5.65920984531899e-24,0.0566777914506675
5070,5120,-1.12144243959911,0.000127031518772315,0.00836840576697274
5070,5090,-3.74293299679283,0.000121468870211032,0.00841630908154223
5070,5130,-3.82382285952997,7.98871082037106e-06,0.0113460501545192
5070,5100,-1.66650917914257,7.51268929968847e-24,0.0563747994208104
5070,5010,-0.159340132577435,0.345714375131128,0.000508669176998302
5070,4980,0.165659433664613,0.589485232437597,0.000166594921912549
5070,5080,-2.08449000407255,2.430792055696e-24,0.0575810834829587
5070,4950,-5.61364287363705,3.64557463480308e-94,0.215346235067639
5070,4970,-1.3440377037095,9.86526920851686e-11,0.0236628646449848
5070,5110,0.589432429089886,0.00294869869877189,0.00504527916114731
5070,4960,-1.88778929768888,0.00292773552443168,0.0050526932260292
4950,5100,-1.42111598542127,3.57316962343135e-19,0.0299662566938246
4950,5011,-1.21957763072189,1.68595466716928e-34,0.0280850921980495
4950,5040,-4.19535568469391,1.88895121067696e-18,0.0287534177364524
4950,5120,-1.24789964804934,2.39531521294268e-05,0.00675615229706078
4950,4970,-0.560403085989585,0.0474144927114108,0.00149199837843289
4950,5110,0.784358942431952,2.12891387469236e-09,0.0135266644318287
4950,5090,-5.99755261747831,1.95587890634752e-11,0.0169541269381233
4950,5050,1.67876340708854,0.208636908277173,0.000600336203750288
4950,5060,3.14366525259184,3.500789328693e-31,0.0499473222734748
4950,5000,0.618863076185221,0.389609799136734,0.000281122662940992
4950,5010,0.588631932626632,0.000247562542039812,0.00508882201933446
4950,5130,-3.72779957146022,8.55167144982265e-25,0.0393587984920196
4950,4940,-0.487988005021811,0.0122517690879982,0.00238047290800406
4950,4960,-0.46086025198257,0.72123590368058,4.83603144917682e-05
4950,4980,0.679640727998015,4.54901575650755e-05,0.00629627853682987
4950,5080,-3.36704017134695,9.00801062243218e-35,0.055853713656016
4950,5070,0.71242341267203,0.00184111429373995,0.00367852109801936
5080,5040,-1.24727597168309,0.00250747277489197,0.0147084716489284
5080,5011,0.343971730821794,0.232317290449531,0.00231138239744749
5080,4970,-0.664859183800281,0.0273503545666889,0.00786598547122836
5080,5110,-0.127087096708661,0.667228487691022,0.000299810854931669
5080,5070,-2.79259743218877,0.000389803168752793,0.0201994100868523
5080,4980,0.449473868191479,0.121339951415001,0.00388527613110267
5080,5100,-0.779501453647342,0.00177835350969474,0.015715108231683
5080,5120,0.556254239037537,0.0166499479677033,0.00462939721178188
5080,5060,-1.20421941926853,0.0280829235676519,0.00779261826529
5080,5010,0.296346905632404,0.372375738721938,0.00128987444791789
5080,5050,1.39949198274859,0.057909364171474,0.00581638058962498
5080,4950,-4.84413282846777,3.1483030673602e-32,0.202716055727413
5080,4960,0.744678643713428,0.341816398216396,0.00146463042501505
5080,4940,-1.97166915485275,0.00435632423310739,0.0130991275064264
5080,5000,3.75275541484624,1.93884038444459e-08,0.0498958707708297
5060,5120,-0.880116455841319,0.00287362733155103,0.006078204616526
5060,5130,-0.361440347382741,0.462326225286188,0.000370605058802878
5060,5100,-1.39256022753679,5.77302892392993e-06,0.0140086752895214
5060,4970,-0.106978851702462,0.711322593555205,9.39643576668095e-05
5060,4980,-3.79617065726385,2.63498153843147e-38,0.108549132171536
5060,5070,-3.10614014588563,2.27417234534548e-62,0.173531618860478
5060,5050,-0.379475551436619,0.824032803177449,3.39235749464508e-05
5060,4940,-2.71039764328576,1.2228187300426e-47,0.134320519780247
5060,5110,-3.92933196638711,3.71838380975907e-31,0.088316324276579
5060,5010,-1.77208599382489,2.90017398376831e-18,0.0507793459140141
5060,5040,-1.68055940293818,0.105025989487538,0.00180113037378497
5060,5011,-0.80998713848888,3.52003167816889e-05,0.0116734073990207
5060,4950,-7.67990107851472,2.06786321528463e-89,0.241021001587747
5060,4960,-3.0104009342906,0.00122427038603701,0.00714645157948157
5060,5080,-2.40046334835651,2.42648483805208e-08,0.0211248037713265
5100,5080,-2.20355569885003,1.25261263557281e-06,0.0266288302515726
5100,4940,-2.36656706485051,1.15593494217199e-14,0.0661866293608645
5100,5011,0.679907634532804,0.0140421443597545,0.00690635011544514
5100,5000,5.67140433063994,2.17737664151613e-06,0.0254396622647267
5100,5060,-2.91425462413955,5.72155548663606e-08,0.0332713033413372
5100,5010,-3.81082250681403,1.65064463353525e-28,0.131434918448797
5100,5090,-3.2556488962607,0.19627297631469,0.00191647454318525
5100,5110,-2.92430466398744,1.8301814306399e-30,0.140303941875445
5100,4970,-0.295747930989332,0.412169076830633,0.000772286554054644
5100,5050,-3.00949541035629,0.0932097861068877,0.00323203797291719
5100,4950,-5.60974114244063,9.46837541695736e-75,0.319137005430275
5100,4980,-2.1201281747219,5.17768280472498e-12,0.0532330879480649
5100,5120,-3.53578335849569,2.08852570838701e-06,0.0255292508985436
5100,5070,-3.7075311060839,3.31267782645828e-25,0.116257843255675
5100,5040,-4.19439941776744,6.90971501638828e-07,0.0279088436353979
4940,5090,-2.3286229269045,0.0727824133220853,0.00318375386817121
4940,5080,-3.45185466041,5.09211092133112e-13,0.0503654401208118
4940,5010,-2.63857915205969,1.14571889553401e-49,0.102908067008638
4940,4950,-6.38150691968745,1.87214152039209e-102,0.367153085104333
4940,5060,-4.1965018519883,2.39307737768745e-40,0.160675981399137
4940,5070,-3.71763958868487,4.19046568887888e-39,0.1559291450091
4940,5110,-3.3509305210485,2.08278008994489e-25,0.101908971338719
4940,4980,-6.68529725353697,1.79389868447942e-29,0.118273116766693
4940,4970,-0.308463383385816,0.324106249084555,0.000962690157911711
4940,5100,-1.15557476300483,3.77291653995389e-05,0.0166818018773949
4940,5011,-1.25360331133677,4.04252260703091e-07,0.0251116124846231
5011,5000,3.14649778804582,0.0032697774783494,0.00734440350457769
5011,4970,1.39539237807053,0.00106001580953145,0.00909320034519082
5011,5120,-3.44639095430165,1.84681746860843e-32,0.0581376569457044
5011,5080,-2.79983070055259,3.30520376194759e-11,0.0367899431450889
5011,5110,-3.13671906970899,4.89345777483159e-49,0.16856962738784
5011,5090,-1.99117033026253,0.521342417854486,0.000350374705077154
5011,5060,-5.13729265147071,3.20844365172639e-40,0.139449449081181
5011,5040,-3.87554791167146,2.37830561657813e-10,0.0336172195542839
5011,4960,-4.73994436385216,2.98415083458081e-05,0.0147414616335741
5011,4950,-6.79671272623077,7.7305890676329e-210,0.55707738694004
5011,5070,-4.85975422907371,2.04792224944011e-86,0.281647741443627
5011,5050,-2.80246791032164,0.0114366885064778,0.00543567770302241
5011,5100,-1.0291549396434,0.000101981408254057,0.0127847690575188
5011,4980,-3.81405744600472,2.57036637592255e-55,0.18872246697982
5011,4940,-3.59320537775029,1.07205216062296e-40,0.14104677663333
5011,5010,-4.4973137715309,5.0299213397336e-102,0.324233223868727
5010,5110,-3.00484843468324,7.69084566204556e-42,0.101025959432974
5010,5090,-3.95658307727394,0.000920711150709732,0.00634717481950198
5010,5120,-0.58896532231379,0.219345964983558,0.000874447773458742
5010,5011,-1.78446303863672,2.39581044875872e-08,0.0178976087640523
5010,4980,-2.15527787057019,4.94516141430765e-21,0.0500546312584429
5010,4950,-6.16903446660927,7.60052028917752e-150,0.32575674534537
5010,5060,-3.38705023727852,2.16455445275741e-47,0.11418675066907
5010,4940,-2.19831228976434,4.9158386744523e-27,0.0650170772585646
5010,5050,-0.274350131329333,0.886308840894137,1.1853941012716e-05
5010,5080,-3.30149973087556,2.45073882203646e-06,0.0127934728731128
5010,4970,-4.49111797010662,1.01870087886522e-14,0.0341157354975549
5010,5070,-3.62366830524374,3.44926552298486e-64,0.152890606270587
5010,5040,-3.99997984978223,4.10499257992176e-09,0.0198486602377042
5010,4960,0.72467765095156,0.653387910873803,0.000116928768885885
5010,5100,-3.07210958108592,1.76372249393343e-13,0.0309697340177867
5010,5130,-1.4324076679112,0.000821429922381602,0.00646908222671821
5110,4970,-4.00480488011006,2.7317423752115e-50,0.10005344431661
5110,5100,-4.45428200266168,1.44259940847487e-128,0.241072812090373
5110,5080,-6.10397359050908,2.45692084307411e-77,0.151473594584104
5110,4940,0.203676994405328,0.448385674274309,0.000272411044636215
5110,4980,-1.59296859754987,3.93474235526201e-15,0.0288398849777676
5110,4960,-6.44745597576824,1.9155932979985e-05,0.00862409055538901
5110,4950,-5.39468413828213,3.93631038417331e-207,0.360538517364489
5110,5010,-0.797038683840915,0.000194884905355018,0.00655804974858493
5110,5060,-3.47149235137929,8.19193180292239e-30,0.0591524110455373
5110,5070,-1.30795495972524,2.32180319204905e-05,0.00845198734119873
5110,5120,-3.20570808625953,3.6093942713613e-14,0.0268298567017904
5110,5011,-2.8525735987424,4.10766768958084e-70,0.138028330093526
5110,5040,-5.67461489126074,1.49891192119344e-13,0.0255376561421504
5110,5090,-2.93545000429397,0.0684027203802264,0.00157303950837196
5110,5130,-1.38495322236431,0.0183898562518658,0.00263157478698296
4970,4980,-2.20585459350033,4.43132059950309e-07,0.0415702749269604
5220,5170,0.127579667834172,0.393572632142132,0.00271732602854034
5220,5210,-0.00363092357520056,0.982107814254163,1.88015877502464e-06
5190,5300,1.82001453898079,2.24822455577216e-06,0.00989528551470288
5190,5310,4.83840456610494,0.00789173554303626,0.00313261538949409
5190,5220,-3.53221626404651,8.86316182441405e-10,0.0165585323771866
5190,5290,-1.48547332453479,6.14676703545156e-19,0.0345181931182684
5190,5210,-2.11393155877363,9.93547757285339e-19,0.0341109770401355
5190,5170,-2.26913434948648,4.38217536517214e-20,0.0367557728050098
5190,5180,-2.39794628438424,1.68822828063371e-12,0.0219021421699117
5190,5330,-2.38555966263376,6.92626341439689e-31,0.0576319391444237
5290,5310,-5.22357437782583,1.03832362935748e-05,0.00913842922319766
5290,5330,-4.2778165641773,9.70740441903616e-85,0.164471003418935
5290,5180,-5.46334913708986,6.03057716526751e-67,0.131603541431689
5290,5210,-4.29169074778776,1.14343509710727e-68,0.134839290644643
5290,5190,-3.82491094865743,9.46349546473715e-73,0.142462229236186
5290,5300,-5.01926841615395,4.69109347618774e-42,0.0835056966095234
5290,5170,-1.21467583792106,0.0018973541002759,0.00454514315105252
5290,5220,-1.67422718665111,0.0171431425417503,0.00267959560455394
5210,5170,-0.954428899546224,1.02711640485246e-06,0.0397598464303764
5210,5220,-1.32259870241021,0.00018413506320113,0.0234859914832222
5170,5310,0.453174147474934,0.596017704689048,0.000368031820274093
5170,5300,1.79934992246839,2.87538320491e-05,0.0226580888501497
5170,5330,0.428703059506051,0.0917898267016331,0.00371632469482895
5170,5210,0.348674726930653,0.238021263666048,0.00182188082154271
5170,5180,-1.28481037615861,0.014440077626037,0.00780633960804525
5170,5220,1.01994230310524,0.0331914657252255,0.00592328300463048
5170,5190,-1.74205653548133,5.27507616202426e-14,0.0714806380773131
5170,5290,-1.43257152197633,9.7498119679001e-07,0.0309158977998629
5180,5190,-3.05495579617865,2.14184299905562e-17,0.208771823373618
5330,5210,1.41171314182345,2.59933791391997e-06,0.0278022984385518
5330,5300,-0.665268265547076,0.0357980170204798,0.00560858845559728
5300,5330,-0.408714086223675,0.250911713110582,0.00360012081677644
5300,5190,-1.2818858416157,0.00261720506375434,0.024474614783248
5580,5540,-5.19452233520728,0.0173287833502436,0.0124091444028807
5580,5470,-4.3402689225222,4.76630941646606e-07,0.0543774653882012
5580,5840,-4.76671056034416,2.8634708945258e-28,0.235145197170103
5580,5630,-4.97299385748284,4.11943925797511e-42,0.334828408817427
5580,5520,-7.98091330223997,1.73823604859851e-10,0.0859184557246249
5580,5600,-7.71666030515788,5.97431025659591e-79,0.541747426558353
5580,5610,-2.85237612855241,1.6308324327285e-11,0.0952023310380947
5580,5850,15.9530979776245,0.0125723130757968,0.0136399817484797
5580,5880,-6.48358946383236,1.04701670217718e-05,0.0419261116935531
5580,5677,19.053837113209,0.0660801119872826,0.00732407684174745
5580,5870,-5.34606108159619,7.11149899315793e-48,0.372451645237021
5580,5830,1.72085005946917,0.0924080651918592,0.0062251130476816
5580,5480,-3.85816582033795,2.90884215596965e-07,0.0563628416685604
5580,5400,-4.86603653851955,2.40902056318332e-35,0.287800778036473
5580,5420,-5.11068689216542,6.43613451080605e-48,0.372726435828718
5580,5450,-7.72340548545151,7.11234613263129e-06,0.0434862986679386
5580,5491,-5.12155676481049,5.20501198614208e-05,0.0354572837090568
5580,5460,-4.07568876975219,1.28168384899309e-16,0.140153340257136
5580,5810,-7.1391032288725,7.87809507911727e-67,0.481932195349604
5870,5500,-0.588579250203412,0.503714638018621,0.000261811378704799
5870,5880,-2.5348119640103,1.80254519308356e-26,0.0642317004568019
5870,5460,-2.54811933625482,1.22363747622616e-31,0.0770840144678146
5870,5400,-3.89485172468418,3.64407848282788e-107,0.246614501721442
5870,5480,-4.33073399551144,6.55858702176711e-20,0.0476935122927419
5870,5600,-3.95124435259665,1.30774226569397e-88,0.20804351202985
5870,5580,-4.16976479210294,5.50003431877036e-62,0.149267709324108
5870,5491,-4.03496223143637,6.66821625689984e-08,0.016931904972612
5870,5470,-2.46582840025868,2.72946953531824e-05,0.0102530749512124
5870,6050,-2.52132171146311,4.58938211533769e-09,0.0199196738404183
5870,5520,-2.99897158059087,9.13349937011862e-44,0.106605401750687
5870,5840,-4.4339091753449,3.59906478604121e-80,0.189858809670947
5870,5810,-3.08530765826472,7.84889051742796e-83,0.195637306247819
5870,5630,-0.351337252744813,0.13498505045157,0.00130761643449388
5870,5830,-2.92057635999069,4.63198653805772e-17,0.0404405951060432
5870,5750,0.795300385909303,0.569758234957098,0.000189198602095655
5870,5420,-3.87499161141813,2.47212676641291e-125,0.282574012976454
5870,5610,-3.88771715448737,4.79135089086267e-47,0.114435500079567
5810,5620,-4.285184564731,5.05757926965195e-94,0.191158735996496
5810,6050,-4.66844881434591,1.58774094734133e-54,0.114175490703481
5810,5677,-3.30645445157667,8.54310279592967e-09,0.016231854399001
5810,5400,-2.94299777042184,9.44832272524012e-59,0.122742083212041
5810,5470,0.0644982283644664,0.949531978132976,2.008619863353e-06
5810,5830,-3.14155392930034,4.81854747406323e-31,0.0650943973936372
5810,5760,-4.98483464434711,0.0146009196743746,0.0029857541153973
5810,5610,-0.086913159764021,0.766877261898554,4.40650761809952e-05
5810,5650,-5.55773960727757,5.09002171598258e-07,0.0125698160700634
5810,5840,2.53845637314901,1.3170337293236e-06,0.0116628019224066
5810,5911,-1.08585005229661,0.0321796392602526,0.00229813275497233
5810,5750,-3.86315391517525,0.0168724428285298,0.00285857546187967
5810,5520,-5.14704731255169,2.39575066943334e-153,0.294521448070455
5810,5390,-5.22205489163158,1.61549872676167e-10,0.0202896288985847
5810,5850,-4.42262326365738,4.28162879592111e-40,0.0843081816673643
5810,5880,-3.43198901626916,1.47911862095794e-59,0.12436570255081
5810,5730,-5.50442100617991,5.91835048737853e-49,0.102756448940359
5810,5480,-1.74656824769398,0.0111448024202558,0.00322471180084965
5810,5920,-2.8130089690421,0.00367094313223992,0.00422260158869949
5810,5460,-4.0865222230879,3.90501519579268e-79,0.162945521900674
5810,5800,-4.40527248995392,1.45530746786333e-09,0.0181798156638903
5810,5500,-4.14705659319594,7.44382416394668e-08,0.0144079222627416
5810,5630,-2.42710138961601,3.62179191535498e-28,0.0589133830669753
5810,5910,-5.07250304350737,4.75213124154355e-11,0.0214642916990657
5810,5790,-8.67863944996433,2.14996520080837e-05,0.00900985921791806
5810,5600,-2.91784473745623,9.34420030905097e-51,0.106464490329122
5810,5570,-6.47907784809475,1.7813701644538e-20,0.0422116903179969
5810,5491,-1.60682846981945,0.301173861101993,0.000535824911967098
5810,5580,1.51430105028754,2.26288337609671e-07,0.0133443204832571
5810,5380,-2.72074424579141,4.3891762411465e-07,0.0127112831146276
5810,5450,-5.06001408487634,1.18977564486099e-13,0.0272115009730185
5810,5590,-7.03295004578641,4.7656810711293e-06,0.0104386026392717
5810,5420,-0.963783777521258,3.19330062077937e-06,0.0108193381629204
5810,5870,-2.12679015637091,8.25136057152074e-24,0.0494809741211274
5810,5540,-3.12873828179812,1.00118993905338e-29,0.0622671176642636
5810,5780,-4.6108166303407,1.75627941480455e-10,0.0202094207565014
5810,5900,-3.99185049791827,2.01392590474605e-54,0.113965123803723
5630,5420,-2.01479812986245,1.91227851372832e-21,0.0579643638106792
5630,5900,-5.10114579294019,0.00246614509184719,0.00603358343847318
5630,5780,-3.06088887799308,4.53167050410006e-08,0.0195536971916561
5630,5380,-3.77146497599483,1.92367658749284e-06,0.0148570263469765
5630,5810,-0.740501029250139,5.9723954634539e-05,0.0105816996784994
5630,5500,-0.939885016154113,0.311843952539603,0.00067514329604445
5630,5910,-2.99044646940967,0.126474120755875,0.00154074429360091
5630,5610,-3.79390499715725,1.17168071586467e-30,0.0837607257354987
5630,5870,-0.194657696524092,0.442357900744014,0.000389596117852064
5630,5491,-5.50218916559097,3.22030096841732e-06,0.0142133737792267
5630,5470,-1.66642411725698,0.0168642364217195,0.00376341684401247
5630,5730,-1.68394871614931,0.428629548653816,0.000413604695555965
5630,5830,-6.63559203212522,1.04756749639708e-10,0.0271778700869212
5630,5880,-2.4582330753785,0.00998895972316756,0.00437262620424439
5630,5390,-2.52089971316561,0.0647966069882276,0.00224913300371975
5630,5580,-4.10884736829308,1.76581910158736e-44,0.121246857306239
5630,5620,-3.35454405137177,2.01933642508558e-05,0.011926305224284
5630,6050,-3.70146801283105,8.55756214899145e-16,0.0418443148102114
5630,5750,-3.28704870598722,2.19473707309782e-05,0.0118228310093479
5630,5450,-4.49911690678031,0.0105604358623962,0.00430751619985762
5630,5460,-1.4431999320638,3.51103641399236e-08,0.019874022162454
5630,5840,-3.75747508797637,4.00159658888357e-46,0.125608998786614
5630,5600,-1.80806158173569,1.08988405674919e-11,0.0300187826113905
5630,5400,-2.21821898674881,7.97028472119636e-19,0.0505164144457002
5630,5677,-5.22636476630656,0.00278805879816119,0.00588247946170933
5630,5800,-3.38811119030576,0.0289735214411015,0.00314406344609707
5630,5520,-2.73701648413578,6.40239009650983e-22,0.0593102054237084
5630,5480,-5.82416608637734,3.71669306275382e-15,0.0400124037194413
5610,6050,-1.80559158386482,0.0136575252637339,0.013619747794965
5610,5480,4.36801369288912,7.50957358249564e-05,0.0347327759194226
5610,5460,-3.28688561211717,3.55716968741452e-12,0.103294915214009
5610,5840,-3.95662688363039,8.74394234863771e-24,0.203840056467364
5610,5390,-2.82305852767235,0.0194506705907318,0.0122368626460286
5610,5830,-2.47616528955388,5.06429385863377e-06,0.045844213348063
5610,5630,-3.56390545579893,6.69830664928129e-17,0.145545010515584
5610,5540,-2.12374419869931,0.0376089762808622,0.00969924706648895
5610,5400,-3.41640594583354,3.0421357926293e-15,0.130931974375817
5610,5420,-3.23010558871928,1.82550572627392e-11,0.0967913683563423
5610,5677,-2.26985325231813,0.0791500040366283,0.00667095254578621
5610,5810,-4.8633355774727,2.87560776529905e-33,0.277925662038608
5610,5470,-3.89566257859337,5.2106864170956e-05,0.036237613638306
5610,5620,-3.26690916297815,1.39052694032e-06,0.0511667493086479
5610,5491,14.1936474162503,8.64741703719222e-06,0.0436392559918571
5610,5520,-2.94241722114998,2.60067279057374e-05,0.0391008400891162
5610,5600,-5.69238165966132,1.64371885943285e-58,0.443677160425262
5610,5870,-4.05883983109659,3.64230188784024e-18,0.156544624584639
5610,5880,-2.67987855068658,7.05737027918245e-05,0.0349884430589784
5610,5580,-1.93164524326178,1.47975207400836e-07,0.0603681879053753
5610,5380,0.73223507281645,0.372970642792819,0.00178812344539284
5610,5450,0.823346181491694,0.516676342638931,0.000947740901959376
5610,5850,-2.69564962456145,0.00655181325254601,0.0165290342749859
5610,5900,-5.24481307864259,8.53881796517641e-05,0.0342041099432527
6050,5380,-2.2036257817845,0.000509238366955373,0.0482117394541542
6050,5520,-4.12743438534033,4.05700605245585e-19,0.278577910962626
6050,5460,-1.71639766200056,0.000377550699162654,0.0503837951438099
6050,5620,-2.64504913401014,3.8180586509845e-08,0.116334824200409
5600,5760,-6.48391597061378,3.40212879354028e-06,0.00923082702459257
5600,5620,-3.9617372755745,5.2705370594057e-69,0.124090131045722
5600,5677,-1.21133903114926,0.191030215742655,0.000724320873663704
5600,5450,-6.11061009412402,9.03542094797515e-21,0.0368546572486747
5600,5580,1.44140963402696,1.8825409404871e-07,0.0116021071052517
5600,6050,-6.11145666985983,1.67990211841966e-83,0.148796023295093
5600,5540,-3.73741165979456,6.06282179781106e-46,0.0833448765749929
5600,5850,-3.19139178008875,5.43432599255206e-16,0.0278164869302119
5600,5830,-2.32225815366645,9.10587892280824e-14,0.0235947365887526
5600,5900,-2.97782965779946,1.84044745725235e-20,0.0362719989960331
5600,5870,0.624602534574638,0.00243894626527834,0.00394056657825008
5600,5880,-3.60973658795166,1.64423293502643e-72,0.130128704670906
5600,5390,-5.79767330395008,2.95934748029099e-10,0.0169200160487904
5600,5800,-6.17632218979081,3.66541932286749e-34,0.0618402578333038
5600,5470,-3.08464322355263,0.000694816462606729,0.00493215971915382
5600,5840,2.90409532521167,1.9352813603108e-10,0.0172705372690514
5600,5780,-5.19388185585798,1.95885291885526e-42,0.0769876780428027
5600,5920,-4.64759592964012,5.6739881257586e-05,0.00694267630887755
5600,5910,-5.15083463019458,6.37059667303162e-26,0.0465308247030989
5600,5520,-5.60361283662162,3.50103269284671e-235,0.369280237443741
5600,5420,-1.66112397026857,4.21441633551995e-21,0.0374789691168423
5600,5570,-3.94718408016608,0.00452073605669497,0.00345922329501892
5600,5750,-4.37569981466132,2.17051543178091e-09,0.0152761709022473
5600,5460,-3.99971847062192,1.81316675327539e-78,0.140296678573186
5600,5810,0.942232814080048,2.16431170568834e-08,0.0133810822105837
5600,5911,-3.41940665190638,5.69351551022853e-15,0.0258808998591836
5600,5400,-2.4106053888922,8.48036333490692e-39,0.0703568169428384
5600,5500,0.73904502918342,0.530076125450636,0.000169444317003074
5600,5630,0.037120155015256,0.873332177819249,1.0924971568237e-05
5600,5491,-4.30559080539099,4.45422972622433e-09,0.0146834619090877
5600,5480,-2.90653366927457,1.32586760349353e-08,0.0137846343791982
5600,5610,-1.36647164512076,5.74166427026838e-08,0.0125781617372847
5600,5380,-4.50230267415314,1.99675853003549e-24,0.0437285784511826
5600,5730,-4.78192883307397,1.5955675123407e-53,0.0969344454453875
5600,5650,-7.19708871083386,1.43446764691112e-12,0.0213194416458544
5600,5590,-4.07109957155974,0.000645011131173173,0.00499131341374464
5780,5810,-2.54068852978515,0.00695896395028982,0.0319224356315628
5780,5520,-3.59080427944909,8.68314651568076e-12,0.187457324270557
5780,5420,-1.94246460678018,0.196174318173927,0.00741390583934062
5780,5630,-2.13880858289872,0.00399303024437502,0.0362397461560537
5780,5760,-5.12387899378683,0.01689609203988,0.0251009521416405
5780,5920,-2.82779061258182,0.0637550890941096,0.0151924761897677
5780,5600,-2.46592709479148,2.17312627899382e-05,0.077175134984843
5780,5460,-2.2133739612872,7.11570240391484e-05,0.0678743806657163
5780,5880,-2.28478048045045,0.000108646770090235,0.0645483651179947
5780,5790,-3.58322968084073,0.0668583893606081,0.0148485496231716
5780,5900,-1.78285362588936,0.0339478835348899,0.0198331944687123
5780,5730,-2.30831087060529,7.79085753853338e-06,0.0851855526160586
5780,6050,0.245492542507284,0.637274142289408,0.000989818527893706
5780,5860,4.87589115740811,0.00781737861647785,0.0310221278004585
5780,5800,-2.41041868458149,0.000252304186848732,0.0579197741215288
5780,5620,-2.6000137183264,0.00278290013444216,0.039058698444012
5780,5400,-2.01435104241861,0.00413401302978278,0.0359693084583508
5780,5910,-2.9583244559743,1.52144564119249e-06,0.0978597372050506
5780,5650,-1.78776106516619,0.095099847656,0.012332424828401
5480,5600,-0.840875950831349,0.0694785747402315,0.0159846839013721
5480,5420,-0.982682131663005,0.0646853355606526,0.0165508120021379
5520,5600,-3.56842360630315,2.24652489274626e-71,0.262618696063303
5520,5450,-3.414318203955,2.23618638608255e-06,0.0211391002485642
5520,5620,-0.625292959280651,0.0173517637763074,0.00538918605913205
5460,5450,-0.502207403522825,0.535574811188478,0.000254226174771326
5460,5600,-2.81821490542581,2.85604499290425e-61,0.165303810652781
5850,5540,-0.989970306561718,0.00643620319034348,0.0224134036316878
5850,5830,-0.903996840526191,0.0231959043439451,0.0156134906180104
5540,5850,-0.774191610645095,0.146913508953167,0.0054149784696069
5540,5830,-1.02493203078567,0.0344769750567877,0.0114714588287478
5540,5570,1.34421174249946,0.200893210655248,0.00421269342149266
5840,5830,0.668143213189717,0.158710299620551,0.0025451467146149
5840,5580,1.64064690054606,2.1990957977586e-12,0.0612842998176032
5730,5650,-4.17939875425083,0.000689084174827616,0.0485376947558589
5730,5800,-2.69083689668616,0.000574351503902117,0.0499293527403784
5400,5810,-3.73013819054916,1.57383653580104e-76,0.227876512961421
5400,5620,1.06528098823898,0.000707752025165314,0.00861508908989025
5400,7000,6.45076011109814,8.8095951138157e-05,0.0115331916393798
5900,5880,-3.41781223558402,5.84441306617716e-14,0.167635202544922
5880,5900,-2.17751586707185,1.43959742189387e-08,0.0537598033479701
5950,6010,-4.930484952759,5.59425564799117e-11,0.0368381247781189
5950,5980,-1.82304258776439,4.11330889273885e-13,0.0449089819953941
5950,5990,-1.39691114658031,0.518323095828267,0.000364484629028885
5950,6040,-1.6377211813864,3.86707548173714e-18,0.0637472086423449
5950,5960,-3.21484218954558,0.0113542589089744,0.00558418404239482
5950,5930,-1.97630556122006,6.8947894677577e-21,0.0739243813787141
5950,5970,-3.59146488175547,2.82179909617949e-48,0.169923773805525
5970,5980,1.17246692322527,6.13392494600445e-08,0.0243887011172102
5970,5990,-3.88346294187727,2.95701474380912e-14,0.0474782290721276
5970,5930,0.921794689071721,1.94910846691393e-05,0.0152412883442532
5970,6000,16.0094759992041,0.00264720240969486,0.00758034851743511
5970,6010,-0.969143233883327,0.00330041596446131,0.00724392670606031
5970,6040,-1.30891662916876,1.74355791685612e-10,0.0337212561732543
5970,5960,-3.69011874830414,1.44050078810735e-24,0.0843722748028915
5970,5950,-4.438886439807,4.09010917225259e-31,0.107140205535982
5970,5940,0.601619144490829,0.336670006028116,0.000777020536594366
5960,5940,-2.48187006440852,0.000407068109943847,0.0193858974539249
5960,6000,1.48775068769996,0.542498526995848,0.000580768624740331
5960,5990,-0.66180092109779,0.0665191998864343,0.00525924319764566
5960,6010,-1.57421642398249,0.121033762330437,0.0037578254295283
5960,6040,-2.72056760915284,2.54327014213919e-11,0.0673214044033629
5960,5980,-2.02481172619231,0.000512314653050815,0.018726558463556
5960,5950,-2.61026170407699,0.00348503868651836,0.0132773171543515
5960,5970,-2.80530000242381,5.05107590361151e-17,0.104279610921671
5960,5930,-2.27570435305838,5.13443608552661e-05,0.0253547574083601
6040,5990,-3.68654253589249,0.00494966641517156,0.00819731039512618
6040,5970,-2.96532152691572,1.38434327865856e-27,0.116130140961735
6040,5960,-4.59814761650234,9.40420860718068e-07,0.0247499233034324
6040,5930,-2.08679919814251,4.44507686232236e-16,0.0665006812090956
6040,6010,-1.34418588097492,0.0015343825261701,0.0104059871840417
6040,5980,-2.53047497233195,4.20524266103755e-25,0.105628008601642
6040,5950,-3.23832546766589,1.31428444492026e-20,0.0863220345180251
6040,5940,-3.60609858174938,0.0142246149516061,0.00624415352115131
5930,5980,-1.71944789070796,1.30957800817226e-18,0.0435406577369377
5930,6040,-0.78304233010374,4.71286221315622e-06,0.0119581124635926
5930,6000,-7.66593220535403,1.86046158058787e-11,0.0255716650201521
5930,5960,-4.74047412404105,3.7840471981831e-19,0.0448867087338423
5930,5950,-5.32633497170341,2.24003290911653e-189,0.390253648114065
5930,6010,-0.428797891656435,0.37926729198244,0.000443815057454567
5930,5990,-7.30024067923465,0.027475954974755,0.00278718019405502
5930,5970,-2.72900856185206,2.00789462468557e-26,0.0629029610481826
6010,6040,-0.86478855694844,0.0576392566851726,0.0134827765075374
6010,6000,-3.48913011475178,0.110672495829837,0.00953833799450559
6010,5940,-0.844946753387249,0.361126075220363,0.00313620761363492
6010,5970,-5.4244000539759,2.58540996296043e-29,0.378634505717234
6010,5950,-5.53651996256311,7.19200044059247e-06,0.0730553271457516
6010,5930,-4.11387951010498,1.03771303896853e-07,0.101113154814026
6010,5980,-3.65508561259003,3.31876237003843e-19,0.260810425332786
6010,5960,-4.71688671518028,0.0168979065499032,0.0212656092528615
5980,5970,-3.98021499148303,1.71496534622571e-65,0.147428363095436
5980,5990,-5.83277640036183,4.7600208695178e-35,0.0799269821435973
5980,6040,-1.32336458019483,1.37754094759894e-12,0.0270452295612566
5980,5930,0.754816542367378,0.000501745806284945,0.00658980122123993
5980,5940,-6.87694682788981,5.20376458055125e-48,0.1092707793469
5980,5960,-5.16037933943518,9.23826149777348e-61,0.137261295869042
5980,5950,-3.11453687836366,4.33347060143368e-35,0.0800206973994254
5980,6010,-4.06950196670272,7.17670344834467e-36,0.0818138891654652
6100,6090,-4.47485035431141,2.32617093503675e-07,0.0297143743006081
6100,6070,-3.76217234942975,1.26326321734232e-06,0.0261366677574018
6070,6090,-3.54083270170288,0.000396991689186815,0.0219035534194569
6080,6100,-1.77300416935326,2.8650863375341e-12,0.0377531602006596
6160,6120,-0.219502454755369,0.0766009085324565,0.00269364238872789
6160,6140,-0.739673647344237,4.45426534636844e-07,0.0216854992614278
6170,6120,0.151379479377908,0.0246949102761321,0.0011317021000996
6170,6150,-0.163180111024471,0.187034374107048,0.000781560384469599
6170,6160,0.0125144245094933,0.91600315266631,4.99610090925033e-06
6170,6140,-0.671882921856207,5.93969765604565e-10,0.0170729374202447
6170,6121,-0.720417445125562,0.0459285582080773,0.00178785082989699
6170,6130,-0.0443594749438256,0.754553518574152,4.38994699507315e-05
6130,6150,-4.3272035717245,4.99559370430826e-127,0.200803382895444
6130,6160,-1.36280056035508,1.96553448659915e-08,0.0122188692549227
6130,6120,-1.53432147569149,1.62321816288358e-48,0.0408925630850494
6130,6121,-0.211930467650572,0.729968180219854,4.64566508915836e-05
6130,6140,-3.55809942081432,4.6447465476624e-91,0.14759250311333
6130,6170,-4.25980075595332,5.26715956567318e-75,0.122727691516875
6140,6130,-2.8059693048071,6.21021174243153e-46,0.0930912434051513
6140,6170,-4.34871977975665,4.4716916117313e-93,0.183041884295473
6140,6150,-1.37933249732604,2.93127568188964e-10,0.0189917816842546
6140,6120,-1.32310149383804,1.1072678102089e-29,0.030411336749377
6140,6160,0.515985311596308,0.0214071798495847,0.0025520530073268
6120,6130,-3.69375956467555,1.95896650810496e-106,0.215777853992738
6120,6160,-1.28429728229816,2.38103025834128e-08,0.0156474743173866
6120,6170,-3.3667106071508,6.82050462539632e-67,0.140260199968867
6120,6140,-2.70229183429094,8.9119281566324e-57,0.119819581443573
6120,6121,-1.18697720586048,0.15073113384128,0.00104467590781523
6120,6150,-0.611604793629046,0.0100801677852079,0.00334578157485349
6150,6130,-2.52244156479877,3.93929897484333e-16,0.0953210977762995
6150,6170,-2.53545948201058,1.8054764282098e-13,0.0786759032280201
7030,7100,-2.34530319085059,0.0338842264307824,0.00228250705792713
7030,7080,-1.64133695733938,0.563559146796414,0.00016935813072213
7030,7040,-4.28381846942584,8.33565701532849e-187,0.350426319286324
7030,7020,-3.37834688437294,1.47911784776774e-25,0.0539286293524341
7030,7050,-4.03976483770486,9.73763554009375e-104,0.211412418594459
7030,6220,-2.1128084335065,1.03348207441734e-10,0.0209786707789937
6280,6310,1.28114769853363,6.42790377666652e-15,0.0443834093165366
6280,6290,-1.60644237097738,5.69179663325585e-15,0.0445543352058185
6280,6240,-0.373163228864724,0.223834432728191,0.00110481844506288
6280,6270,-1.62143701649846,5.79001269795785e-22,0.0669813020727852
6280,6300,-1.63236285684527,0.0983320304440559,0.00203929970284945
6280,6330,-1.6005750880486,4.55602081021938e-07,0.0188291976948426
6280,6260,-2.11149093454566,0.00284248939344996,0.00663156246627152
6290,6260,0.246142637462234,0.691176293183286,0.000241093719217191
6290,6240,-7.05249536436439,1.77471133194154e-09,0.0538169459838558
6290,6270,-4.13397927197529,3.12638974143684e-48,0.277725993805531
6290,6280,-4.69516520983193,2.89490636445967e-53,0.302748578424206
6290,6310,-2.64394210286071,4.93663631391623e-13,0.0766998747780505
6310,6230,-2.18174457853,0.397620765003361,0.000692077397780981
6310,6280,-4.06475281222054,2.66282338856097e-42,0.16451985811174
6310,6240,-4.00640877868159,4.20845311664579e-50,0.192926809015402
6310,6270,-4.72097026447433,4.07936593067355e-96,0.342113934258975
6310,6330,-3.67785456157054,1.10057510531761e-20,0.080709198441147
6310,6290,-3.72102811595798,1.70132915525014e-31,0.123568900023889
6310,6300,-2.95912785470979,0.0403427031245365,0.00405890233692338
6270,6292,-1.74655793587865,0.0001029601642917,0.00781006482954467
6270,6260,-4.1845824598092,3.92549326452178e-10,0.0201475599208082
6270,6340,-3.86968901167666,2.76936186718916e-10,0.0204945487495914
6270,6290,-3.52976447716219,5.07644539810419e-45,0.0979253181540515
6270,6240,-2.36167946050488,2.43053606833063e-48,0.10503272412355
6270,6330,-1.92329895134938,1.69960886516092e-07,0.0141171101213253
6270,6320,0.911651638755226,0.224495963317253,0.000766743991709502
6270,6291,2.58595369899044,1.37529717829162e-05,0.00977931085246478
6270,6310,-2.97247727534877,2.06767755556642e-46,0.100907840140886
6270,6280,-2.79218451473479,5.96522430527485e-37,0.0804244783021313
6240,6310,-1.3498262424858,1.49415016122517e-10,0.0202740418489411
6240,6280,-2.14395832379233,2.84461975729295e-10,0.0196586842082239
6240,6290,11.6276407496788,1.7208110436811e-35,0.0742582569198468
6240,6270,-4.50348084656013,8.41866651999191e-152,0.290903574143463
6240,6260,4.80719921396458,0.0197690889865354,0.00270766800349867
6240,6330,-5.90085710316327,5.32817773173009e-71,0.146511968184054
6292,6320,-1.05862808694224,0.0176579184414188,0.021379447078886
6292,6270,-1.74348747455352,4.48215140627337e-06,0.0776148682039649
6330,6280,-1.20940302361517,6.37606663814988e-05,0.0372196125271279
6330,6270,-0.978236731229425,0.000565164788881307,0.0278084171148447
6291,6270,-1.34790701314917,0.00889280095569902,0.0241898971927572
6590,6600,0.280683389330662,0.853969765792003,4.87770517125516e-05
6590,6380,-3.79483136759056,0.030430471379819,0.00672287846097631
6590,6730,-4.18317266178456,7.83959625933658e-18,0.101061482094883
6590,6390,-5.00840498135749,2.77632539335442e-22,0.12690653091278
6590,6470,-0.618859838857226,0.544680309845875,0.000528202866122599
6590,6450,2.47942681865096,1.90288004667559e-07,0.0383099000432229
6590,6780,-0.50984661758564,0.742123050444346,0.000155883292290676
6590,6620,5.18420242458612,8.0007854502082e-18,0.101009479475159
6590,6830,-5.06498708446941,2.45105759946839e-28,0.160956499178609
6590,6850,2.84064023044015,0.17469335648851,0.00264903923216005
6590,6760,-4.22824849361949,7.39701389851035e-17,0.0953106906793845
6590,6580,-5.16040523980063,1.39582272485554e-19,0.111301735950356
6590,6420,-2.81054260055281,0.000383187208264951,0.0179965345485294
6590,6480,-2.76538750559338,1.65179737364944e-10,0.0571096674041434
6590,6550,5.00978182523427,7.32070263244101e-22,0.124490749601902
6590,6740,-0.225824002320751,0.663464475198553,0.000272594046958541
6590,6410,-5.90900477702358,1.4414052802309e-45,0.251013640809618
6590,6810,-7.94313244319948,5.79747544938807e-57,0.30529240176005
6590,6500,1.67177371988693,0.209277694955598,0.00226728238794015
6590,6360,-2.74663741892956,1.20834092333616e-08,0.0456815300356857
6590,6460,-1.70704652528406,0.288959968443039,0.00161778331214819
6590,6370,-5.87659318799808,2.14071939864983e-06,0.0318285707193061
6590,6870,-4.78815634816834,2.55219411797963e-26,0.149751024095471
6590,6630,-5.27640060020546,1.87414898445349e-21,0.122142693456632
6590,6720,0.87694200177152,0.637096472534072,0.000320408835672397
6590,6570,3.38941742924179,3.87148948833697e-10,0.0548480888228058
6590,6670,1.45116554622717,0.0016150040742265,0.0142141429195392
6590,6710,-2.66157282432965,2.07974759775404e-09,0.0503749911987652
6590,6840,-4.07854024978825,1.98598138682987e-26,0.15035968086241
6590,6790,-0.528165015619366,0.349312998193043,0.001260473434016
6590,6770,-5.01648668799308,8.02431927884261e-23,0.129990161639731
6590,6860,5.82791801404233,2.69750447542775e-11,0.0619096187676422
6590,6520,-5.77988748682729,1.6728149140648e-67,0.352022470488361
6590,6750,-0.242078645307076,0.705859529236956,0.000205087427565611
6590,6540,4.35263209215947,7.30018954484803e-12,0.065361353127637
6590,6610,-4.40767162313642,0.00574551052650089,0.010923954470894
6520,6610,-1.15790869943192,0.180593442556919,0.000850282966671371
6520,6440,-1.7428902056271,0.00412920815656858,0.0038956439320743
6520,6810,-2.25616229015339,3.31544700186467e-31,0.0620446561905877
6520,6720,-1.90743850497957,0.0509165353456919,0.00180667747721719
6520,6800,-0.876223423007734,0.0066723376449214,0.00348578286101637
6520,6670,-0.372693657167328,0.180046994100186,0.000852417523772084
6520,6370,-5.39007672001551,5.16264046312321e-47,0.0937077063357934
6520,6450,-0.761366808945231,0.00853617761705505,0.00327688877039101
6520,6630,-4.0801152930633,1.25097898699816e-43,0.0870139118611579
6520,6840,-2.87721469253021,2.40452618245257e-25,0.050054086664882
6520,6760,-4.21153885979191,1.20192162309895e-49,0.0988830533668818
6520,6540,-1.09217884271062,0.00515490972297691,0.00370570288583509
6520,6860,-1.26298038826955,0.0101584874957825,0.00313003319640094
6520,6770,-4.54424164727498,1.08656192877082e-69,0.137356384194982
6520,6550,-0.267768506019503,0.340793435190411,0.000430485845142334
6520,6730,-3.92659222264898,2.7868122035155e-52,0.104033561372262
6520,6640,-2.33496768831542,0.005187909861779,0.00370025088618594
6520,6870,0.500657614570199,0.0414386073565467,0.00197100278574076
6520,6460,-1.16102850850904,1.59151976838478e-05,0.00879836838862232
6520,6360,-2.16421812510427,1.32269112391151e-18,0.0361085623098061
6520,6600,-2.06408149899656,0.0297866002025032,0.00223785567527902
6520,6710,-3.19585976097136,4.92833593681681e-45,0.089797571852305
6520,6380,-5.20150914924139,5.01802917957071e-11,0.020275677720282
6520,6410,-1.35511923029714,0.00149588478685518,0.00477323430141011
6520,6480,-4.21889664462889,6.11930340769303e-90,0.174592096460219
6520,6650,-2.6548911114077,4.7756586621324e-14,0.0266006751799666
6520,6690,-3.23218383237574,1.77933623236503e-11,0.0212187009512725
6520,6390,-4.04337498881603,1.73879789733455e-36,0.0727332344037642
6520,6750,0.716016382390535,0.0914110758667993,0.0013510895567467
6520,6590,0.889211818920717,0.000289812281789981,0.00621317511905606
6520,6900,-2.3759007028014,0.136051807668946,0.00105380046922599
6520,6880,-2.72408885993597,0.090456151376933,0.00135909299607633
6520,6850,-1.1371713940974,0.000107111826893997,0.00709547620806584
6520,6830,-4.51101626605352,2.44400671646022e-126,0.237573446350556
6520,6680,-0.25925716248239,0.53070081549839,0.000186482941180205
6520,6430,-0.474776189767285,0.496753953144529,0.000219128697365145
6520,6620,-0.322784332128032,0.355918151211816,0.000404304713989932
6520,6780,-0.230170484062662,0.829715553687875,2.19468780084518e-05
6520,6470,-0.10657630410182,0.885619695470648,9.81847567750843e-06
6520,6420,0.786676807992609,0.26381416987233,0.000592294577520167
6520,6580,-0.809346432426393,0.154567167452091,0.000961145858746267
6520,6790,0.40092497057505,0.313371780261128,0.000482166631398068
6520,6500,-2.67674277023396,0.000102522968907882,0.00713441130752056
6520,6570,0.0372823116996323,0.915832301660117,5.29977891513653e-06
6520,6740,-0.623240971537415,0.000530745467812858,0.00567985458728451
6370,6360,-0.73451975631118,0.0011063202500374,0.0176801935166055
6370,6710,0.251186208709301,0.209196184039202,0.00264022935468474
6370,6630,-0.111014579564277,0.639716821640131,0.000367263016661185
6730,6870,-2.48051586427215,1.29034487489185e-23,0.119620109961939
6730,6620,-2.51303864370437,1.54950778786356e-13,0.0668730993180529
6730,6860,-2.70989607258884,1.96042044872268e-09,0.0447003443604165
6730,6570,-2.61672738543422,3.15723286720727e-11,0.0544329731926377
6730,6450,-3.06647076338991,2.75892287445149e-06,0.0275218327502982
6730,6480,-1.24219941662746,3.56993240648913e-05,0.0214644789890767
6730,6360,-1.46655781609719,1.04791287507573e-06,0.0298169019392182
6730,6590,-2.32606661334372,3.81716399348974e-19,0.096553371657849
6730,6670,-2.12374316048107,4.27398732918865e-14,0.0698685335184038
6730,6770,-0.0377503868983412,0.903374561663141,1.87145567156213e-05
6730,6760,-2.58260788687065,5.10076714362135e-15,0.0747959309180148
6730,6390,-0.878280498889749,0.00860610690019011,0.00872714441582423
6730,6550,-2.43932491926637,1.2449666815736e-09,0.04577331280977
6730,6740,-1.45432160081925,1.64321292732122e-09,0.0451175135461845
6730,6810,-5.1779858811206,2.19468040465815e-35,0.177732254139249
6730,6790,-3.38590728859548,1.74986022496582e-08,0.0395203466619014
6730,6520,-2.54805276715088,1.98973588753544e-29,0.148789176301759
6730,6540,-2.54114514348524,9.63051420431906e-14,0.0679800248901795
6730,6710,1.23442959383538,3.00705362880546e-06,0.0273177305079323
6730,6840,0.360148942645634,0.21726816180156,0.00193124182924936
6730,6830,1.61318413045608,1.17767559324677e-09,0.0459045815830145
6730,6370,-0.095499449569262,0.80111041488664,8.05793249918488e-05
6730,6750,-2.32911166551413,8.97111025257511e-05,0.0192930427229205
6730,6410,-1.94845134384679,1.08067640909458e-08,0.040661760029046
6730,6630,0.030098383437385,0.926623628255782,1.07697704374994e-05
6730,6420,-2.35875207681067,5.51190067846392e-05,0.0204400932493827
6730,6380,0.316238030439815,0.593613981804257,0.00036150361878258
6730,6580,-1.79416644216001,4.4185932959396e-06,0.026405828343327
6670,6620,3.03073834892438,1.44473810319633e-11,0.0661396024082863
6670,6730,-2.8444950929096,5.49343721989227e-17,0.0999024035565354
6670,6630,-2.77587770267545,3.53231584375233e-12,0.0699995878633339
6670,6590,-0.0261115814451288,0.938954528053763,8.79981069838364e-06
6670,6780,-1.98754714972854,0.00487903663531463,0.0118181770898179
6670,6570,2.06972640350903,1.44741912054366e-07,0.0406486117945644
6670,6840,-2.16309375234791,1.24549241588947e-12,0.0728486280345762
6670,6410,-3.21264513744006,8.05509195565829e-21,0.123147068332165
6670,6550,1.2744711783385,0.000514514078442138,0.0179351840867408
6670,6540,3.15273375494202,6.48127102052833e-11,0.0620138422742109
6670,6450,0.525647428460559,0.125708572781896,0.00351176907393769
6670,6360,-4.17812419827622,2.79062595969016e-27,0.16106837154655
6670,6380,-2.41444021567073,0.000537483316108336,0.017815232088965
6670,6420,-2.28715792751654,2.49303105421088e-06,0.0327187762732045
6670,6760,-2.41562610724398,8.33947129426326e-10,0.0549642460502467
6670,6460,-3.4236261820043,0.000175024685883107,0.0209063883030683
6670,6600,2.116084507268,0.0520159183496822,0.00564828566541735
6670,6810,-7.61557003649192,4.85712640777213e-65,0.352843360416068
6670,6770,-2.73609937170262,1.43611647266142e-13,0.078731280695145
6670,6870,-3.11382051106455,3.47210348762861e-16,0.0949789366146835
6670,6610,0.23536031541378,0.861539015063671,4.56414518881134e-05
6670,6850,-1.11686283488188,0.268292502252676,0.00183695411713042
6670,6860,1.8376772178194,0.000570929894641721,0.0176494885476457
6670,6480,-1.18663603598324,0.000653975124435385,0.017276892064385
6670,6750,-1.68049037183818,6.10289407101158e-05,0.0238232968392328
6670,6370,-2.77234081435232,1.28421759287714e-06,0.0345672006055529
6670,6740,-4.16915935570821,2.43985141732353e-13,0.0772906911092063
6670,6830,-2.70612136563836,3.73438021535558e-17,0.100930108655911
6670,6390,-2.61619385160692,5.41206927950684e-12,0.0688315581039564
6670,6470,-0.908075107057522,0.144638827592421,0.00318755503461245
6670,6790,-0.975910330932341,0.00478675734125364,0.0118694064952852
6670,6710,-1.93167120657823,7.30607199104233e-10,0.0553301101997687
6670,6500,0.193226840352215,0.79805588676798,9.82192504696455e-05
6670,6720,0.403073335197888,0.672579110998235,0.000267931078194383
6670,6580,-2.86983390376775,4.23028208984795e-09,0.0504669346594566
6670,6520,-3.86703850664985,1.70002197982383e-38,0.223204299733364
6810,6440,-5.0240710879939,9.47628372566023e-35,0.060506954200033
6810,6460,-4.37498467096469,6.04409590553059e-78,0.134273462170656
6810,6540,1.30693357570317,0.0270233996340724,0.0020162577556898
6810,6420,2.91100390264018,0.0258097752277101,0.00204896813854375
6810,6840,-0.758102130397929,0.0110334621911698,0.00266308108992068
6810,6630,-1.28962285515601,0.000945842339777705,0.00450198805550426
6810,6500,5.67142754026306,5.74175681855244e-05,0.00665924552428563
6810,6860,1.92467351661165,0.00948087867410475,0.00277423374735947
6810,6780,1.40384835831353,0.344297620729669,0.000369122074751964
6810,6740,2.62277287181199,4.52110362227985e-36,0.0628489856410533
6810,6370,-1.1527382058491,0.0173536474090681,0.00233380487435063
6810,6690,-3.18447848327998,1.92784339426595e-09,0.0147692211518715
6810,6800,-4.51369734494503,3.79950090829457e-79,0.136243173484716
6810,6470,-0.184792609448327,0.801659766855124,2.6047650508807e-05
6810,6770,-0.733561388390706,0.0492295666380771,0.00159522071369823
6810,6570,4.44102288893494,1.09535639752855e-17,0.0298179046001557
6810,6410,3.99135678697901,9.13230715568864e-08,0.011716053378439
6810,6580,0.52925603982224,0.529661349273161,0.000163058415365717
6810,6720,5.4365564098438,0.0318803158605604,0.00189909065874554
6810,6360,0.123013464187306,0.709506174091311,5.72824446521567e-05
6810,6900,-4.90607357921449,9.07948096951782e-06,0.00809744874800988
6810,6620,3.33200382643073,2.42924073036319e-09,0.0145860266644116
6810,6660,-4.62520206982444,0.00812720989002587,0.00288755704755609
6810,6650,-4.09943242381206,4.89553587516454e-41,0.0716022502148428
6810,6680,-3.82347983118399,6.7194992132549e-28,0.0482816643946084
6810,6600,8.31308329039816,0.000725192234887248,0.00470449986913903
6810,6380,-3.62165006536987,2.24598598557854e-08,0.012824928563606
6810,6850,-4.42373561219815,9.76465619686829e-70,0.120699961769949
6810,6710,-0.0376984756888528,0.862982879704942,1.22943650048161e-05
6810,6450,-0.572836911242317,0.0721057170623422,0.00133426797705527
6810,6790,4.91111203833134,1.47216405972985e-16,0.0277628588690333
6810,6390,-2.26470412824095,4.62230549153237e-07,0.0104365194100132
6810,6480,-0.662778578792312,0.0117949131776882,0.00261430179348173
6810,6640,-4.61385459060807,3.27313401367464e-13,0.0216555928700128
6810,6830,-1.93316155462938,2.72480225097941e-26,0.0453924995609332
6810,6520,-2.7100349645708,4.61311964582684e-49,0.0855898285977266
6810,6870,2.91742915666521,1.39373567659884e-20,0.0350789740999842
6810,6430,-3.81161940189644,2.67641487838052e-10,0.0163346816978876
6810,6730,-0.579501124214779,0.0809413405528266,0.00125654645583717
6810,6760,-1.68009508315408,0.000216983564263044,0.00563031548961964
6810,6750,-0.101715843702331,0.836938474507442,1.74851745780021e-05
6810,6670,1.98992293106849,1.68691089954764e-07,0.0112315006198748
6810,6880,-5.11226465727294,0.000102031912320529,0.00621332203593547
6810,6610,-3.30886265850668,0.0079756693288815,0.00290142929537287
6810,6550,1.16047226457479,0.00398422834038558,0.0034166425605299
6810,6590,3.67681024740481,2.99611858028847e-28,0.048910954832173
6710,6410,-4.72944331620755,1.16264238738762e-40,0.162457389713816
6710,6850,-3.42340522442354,0.00189659955161168,0.00954835971346559
6710,6790,-3.34914610168134,7.86825013208285e-24,0.0958452847866773
6710,6370,0.460864808391784,0.387273547845629,0.000743120320603542
6710,6450,-2.26106600242996,3.28364938513027e-12,0.0471006557575132
6710,6860,-3.49049220743213,5.04386719965824e-17,0.0675451702933963
6710,6470,-3.98610903402526,1.25971599813671e-07,0.0273921670835821
6710,6740,-3.50913504595487,7.81961677467774e-55,0.214853204924495
6710,6570,-3.51247314762051,8.15650666400173e-26,0.103950397327725
6710,6770,-2.10542298447761,4.94538529546523e-10,0.0377557423109504
6710,6810,-7.00164001221618,1.01027940030408e-147,0.486391835266535
6710,6420,-3.91794974577823,1.19246292791051e-18,0.0743750492364736
6710,6840,-1.92693184613935,8.31788741653011e-10,0.0367843243112211
6710,6500,-3.13320376383382,6.70344914065242e-05,0.0156815639443202
6710,6540,-3.30206861199352,2.76361348898195e-20,0.0811987036500503
6710,6390,-2.98393735842697,1.69956927729479e-16,0.0653207355696979
6710,6720,-5.07400475554618,6.31054372527781e-08,0.0286860161740713
6710,6620,-3.42850204554064,2.50775139889868e-25,0.101964263192754
6710,6360,-4.17719609030678,6.51887429800235e-52,0.204323553696449
6710,6780,-4.75279385222732,3.93675429120424e-08,0.0295692535249067
6710,6590,-3.35825841934119,1.23504258274417e-46,0.184946746666069
6710,6550,-2.46583856984784,2.08147360071262e-14,0.0564761815837783
6710,6730,-1.31736019593396,0.000193819183454485,0.0137191120191921
6710,6630,-1.82838381976908,4.84519717494459e-06,0.0205687165960365
6710,6750,-3.94511314155221,1.53890701960628e-22,0.090535165758985
6710,6670,-3.57498780948455,1.93516374931844e-39,0.157786025373128
6710,6380,2.77358189945569,0.00847937390368946,0.00686772685938923
6710,6480,-2.72483207102312,6.28164554215731e-21,0.083872053521544
6710,6870,-4.40945995397712,5.97893986992909e-76,0.286993285172294
6710,6610,-2.43228202344444,0.117990712511905,0.00242747270155826
6710,6580,-4.44657572389308,3.04811807949739e-23,0.0934302023916386
6710,6830,0.736604509636111,0.00632098452208952,0.00738822392066387
6710,6520,-4.78842959534096,4.12239694359694e-113,0.398335135400435
6710,6760,-3.88396528544079,5.51382226445426e-31,0.124752165161311
6710,6600,-2.67641017083964,0.0121272078353474,0.00623821692708183
6850,6520,-4.84021205327921,1.02479594114406e-43,0.328631571183897
6850,6470,-2.50686970727036,2.28084334987334e-06,0.0452500450638891
6850,6740,-2.43813535422849,8.75502353449692e-11,0.0835197072375111
6850,6440,-2.35056476944722,0.000653447676712296,0.0237894920134408
6850,6830,-3.13069243590744,6.40074217560444e-10,0.0761084604446527
6850,6790,-2.49237264162628,2.65187131502886e-08,0.0621246572660576
6850,6800,-1.54028974118248,5.51451686569565e-06,0.0418942988882175
6850,6810,-2.65411068321151,9.98542355721057e-16,0.125006643040267
6850,6670,-2.56549372239306,1.15450891085631e-08,0.0652587752593974
6850,6650,0.312365470941939,0.518573254817206,0.000863315645683057
6850,6720,-3.5442180781951,3.68023168194065e-05,0.034678726235584
6850,6640,-2.56199391922109,0.0225175402498382,0.0107302802112039
6850,6680,0.073217086704422,0.855146788023468,6.90680801952322e-05
6850,6600,-2.40363475446103,0.00241784387343393,0.0188902349948684
6850,6500,-3.12372901240997,3.1894912865292e-07,0.0527176991208909
6850,6780,-2.68045826743074,0.00110106593088001,0.0218294546087673
6850,6870,-2.56522419905301,1.9038285287454e-13,0.106068915636707
6850,6860,-2.91906068347937,6.22722808991423e-08,0.0589012094646799
6850,6750,-1.86126529940847,2.03173446204789e-06,0.0456895176281358
6850,6590,-2.60913010907086,7.75684875123916e-11,0.0839692485430168
6850,6550,-1.2629504273179,0.000246046815112058,0.0274746002250608
6850,6540,-3.09460145920552,2.09905151301803e-07,0.0543031635846956
6850,6450,-2.8051733061691,3.60762370151119e-18,0.144891427277227
6850,6480,-2.68578223107673,3.352286844875e-08,0.0612402456963924
6850,6420,-3.29121830380836,0.00316528227666215,0.0178891263960905
6850,6610,-0.558050029640157,0.472997788312963,0.00106671312728856
6850,6360,-2.61930583073207,3.34352889116659e-10,0.0785324875056041
6850,6690,0.662686990382627,0.251248751400482,0.0027244595599796
6850,6620,-2.87366148734648,1.24848044171492e-08,0.0649641200390706
6850,6570,-2.40433658081811,1.38724382596595e-09,0.0732153240472061
6850,6460,0.610624076760937,0.104744954963935,0.00543958950905834
6850,6710,-2.98627785087494,8.20956451096077e-05,0.0316326250747155
6480,6500,-0.795495307395441,0.19318342569281,0.00136069084112828
6480,6750,-2.33711789711679,8.09645844598235e-12,0.0368915069643222
6480,6610,-0.995017379241706,0.428345532211483,0.000504340071576245
6480,6630,1.98068239994605,2.64274245981296e-10,0.0315948301052209
6480,6860,-1.65324787938167,1.21908250441775e-06,0.0187577822879647
6480,6870,-1.89187320900746,2.73674416455749e-20,0.0661996630081444
6480,6450,-1.07239124885272,3.11391008660889e-05,0.0138532732195414
6480,6840,-0.286890730982037,0.22022936542765,0.00120785528752149
6480,6520,-2.85828540008661,3.80221121789658e-50,0.163314010019855
6480,6620,-1.57668978379763,1.5867314087287e-09,0.0288672553165043
6480,6770,0.115252194123032,0.677511775993356,0.00013906575517379
6480,6390,-0.30215185201442,0.350746639418183,0.000699999327079559
6480,6580,-0.657967007452642,0.125666681842399,0.00188421681140562
6480,6410,-1.68347501552107,1.51993420442532e-07,0.0219224555860319
6480,6570,-1.23461467813095,1.75366724900337e-06,0.0182058568600615
6480,6370,0.0131111127402726,0.968090301837013,1.28691779224156e-06
6480,6360,-1.33042252644729,1.60234808935748e-08,0.0253467799489694
6480,6790,-1.6496835909093,2.5880674255555e-09,0.0281225101496933
6480,6720,-0.492360593601533,0.577652398292691,0.00024930165488248
6480,6590,-1.45656583530883,1.41424615899068e-13,0.0430242735128552
6480,6550,-1.27238869068037,2.78359270221799e-07,0.0210021234933312
6480,6470,-0.415196355875809,0.548140726815218,0.000289992931355619
6480,6420,-1.95996775846767,5.03377159822044e-06,0.0166071421895662
6480,6740,-1.04473059962066,1.68736855697608e-08,0.025268066286249
6480,6380,-0.0247088003754558,0.965136963263354,1.53631641505273e-06
6480,6540,-1.50697075263885,2.92716856602438e-07,0.0209256452661843
6480,6850,-1.5085256597362,0.0664334858147969,0.00270563261878176
6480,6830,0.304843515835662,0.131190030372041,0.00183054254132388
6480,6670,-1.21947297046844,5.19835625411941e-08,0.0235551693652671
6480,6780,-0.53094239039836,0.517338035680826,0.000337053667623636
6480,6760,-1.07774068488299,0.000345726179399377,0.0102445670101687
6480,6600,-0.344908341917904,0.701777445197914,0.000117909738261334
6480,6710,-0.0165934237780213,0.935074814482378,5.33653702260099e-06
6480,6730,-0.298586918254696,0.220822269693833,0.00120475777068597
6480,6810,-5.81248613723983,6.10447260899508e-87,0.269565709422475
6630,6710,-0.739897815494325,0.0015786225189545,0.0152085678150699
6630,6370,-0.870957637151315,0.00228108588162268,0.0141860065345834
6630,6360,-0.18895821554349,0.518296985490483,0.000640287160679262
6740,6860,6.48119570197283,8.72781089471071e-09,0.0253854478134013
6740,6520,-3.32076974285286,8.51449618511348e-55,0.172026267280146
6740,6720,1.51039114063735,0.534076280994236,0.000300249854430002
6740,6630,-3.16972413061502,1.36233835421891e-23,0.0748895772281879
6740,6460,-2.38849746043212,0.0053797899361881,0.0059991215302947
6740,6850,-3.97576543914288,0.00138661070948512,0.00790915106178218
6740,6360,-0.808411821103316,0.0363328319014769,0.00339725605171184
6740,6390,-3.08854642255763,1.62722742228617e-12,0.0380073022634683
6740,6450,3.9844403449541,1.30796482602531e-11,0.0349493712258058
6740,6550,3.30077128664169,1.27409155682472e-08,0.0248286465021759
6740,6540,9.03629312276302,1.45030184257553e-24,0.0780725702584222
6740,6770,-4.160395912909,1.56819484773664e-48,0.153344382518305
6740,6470,-2.13658387115942,0.00226343578171829,0.00721470663312436
6740,6670,5.10067776115139,2.06871083772519e-24,0.0775685543331529
6740,6750,-0.998494462322863,0.0908147478902951,0.00221879398997191
6740,6580,-2.13917100169686,0.000355517325672558,0.00985602496225226
6740,6870,-1.70657573961327,9.07514723433742e-09,0.0253280087307369
6740,6380,-5.17325343850245,5.38172025696031e-10,0.0294855936848572
6740,6830,-3.59788402578342,1.87840754829482e-69,0.21416474207887
6740,6590,2.97865408902876,1.78166833462827e-16,0.0513200945045193
6740,6790,-0.254049145070403,0.643046168431687,0.000166805732971645
6740,6610,-2.41686004299346,0.0631918909946413,0.00267723692068554
6740,6480,-3.22209941652694,9.98356071074955e-35,0.110731522624939
6740,6730,-3.47373858975358,5.85155887664161e-33,0.105127933826424
6740,6710,-1.73370562369133,3.81689360579332e-10,0.0299910167479884
6740,6500,-1.20374323294797,0.33536961812672,0.000720557306794568
6740,6810,-6.75028480494532,1.44354783123361e-143,0.396810272958442
6740,6780,0.836589904807073,0.546033262321293,0.000283044632561541
6740,6420,5.02367693262739,4.60299974904136e-05,0.0128142547553673
6740,6760,-3.7505399216852,4.18468946072498e-24,0.0765680326024361
6740,6600,-0.631288522587562,0.711621261363629,0.000106140361466048
6740,6620,9.70548113919665,3.59697431264683e-31,0.0994250703913696
6740,6370,-3.74416400744612,3.46462581746358e-22,0.0702743404804911
6740,6410,-4.00910272329266,3.0955720673344e-25,0.0802614324461624
6740,6840,-2.27729175289756,1.62798552647815e-12,0.0380066194122975
6740,6570,3.61521277000182,1.98678474631613e-10,0.0309513291420021
6360,6370,-2.28408027826442,8.10111703572134e-16,0.0553650710376318
6360,6710,0.222541131432352,0.288496697378597,0.000989078710108271
6360,6630,-1.65786523320796,1.92796938091658e-11,0.0387906289388415
6760,6380,-1.01173427725985,6.44838078901638e-05,0.0179899112516712
6760,6770,-0.0682324897575122,0.660505909430552,0.000219316024622462
6760,6750,-0.423694044754578,0.100148966500727,0.00306881056099715
6760,6740,0.399802651253532,0.001884143645454,0.0109224121635635
6770,6750,-2.17897718626289,0.0415225687825472,0.00533607625207922
6770,6760,-1.13068093119568,0.000371720340973092,0.0161834295339804
6770,6740,-1.43090783992585,1.15766956380368e-11,0.0575699555023124
6770,6380,0.0205267621612103,0.96130380564965,3.03148131265526e-06
6410,6390,0.368486244901245,0.0246533628817056,0.00731575290261497
6410,6710,-0.339424253838452,0.0191298320189273,0.00795308388578831
6410,6810,0.349690074830767,0.416394430868757,0.0009602205095438
6410,6520,-0.0188348289035919,0.908283116521631,1.93046117846026e-05
6410,6840,-0.0111830472294158,0.939344702021098,8.42210417269167e-06
6410,6480,0.374338270219474,0.00629147470925825,0.0107992404831698
6410,6830,0.492284117858429,9.08767896335618e-05,0.0220334212837766
6410,6730,0.291218036042265,0.0600017687920524,0.00513199867171135
6390,6480,-0.662766541572829,0.00385362984488861,0.0135425942742309
6390,6810,-3.34258446086405,2.56698318108579e-19,0.12350888452024
6390,6830,-0.145583249107746,0.497808647528377,0.000750093716416457
6390,6730,-0.218756783122686,0.310570424725178,0.00167736378831577
6390,6410,-0.717020010133133,0.00293147124295367,0.0143444917701461
6390,6520,-1.12300861502413,1.99669214591003e-09,0.0570457991779041
6390,6710,0.211918293642191,0.268648038135752,0.0019957797877825
6390,6840,-0.0107070134164131,0.957811574382276,4.5688228635649e-06
6650,6520,-1.07915015247095,0.00411496696139172,0.0283252264603541
6650,6430,-0.784986822741847,0.264475799446021,0.00433672454066366
6650,6640,0.355099796106836,0.5696061290213,0.00112795475390325
6650,6880,3.70108562630566,0.0184926838568145,0.0191813305641602
6650,6830,-1.72356353974827,2.69951357956588e-05,0.0596423034796131
6460,6590,-0.997385994184531,0.39038403223387,0.00142183312713969
6460,6790,-1.66265164006977,0.0823821453107106,0.00580232023391717
6460,6440,-2.76224715435554,2.84181850114997e-07,0.0495576603819364
6460,6550,2.44713616217653,8.82880742757711e-06,0.0373731316921376
6460,6680,0.24003677575149,0.601069780722909,0.000527122927389905
6460,6850,0.750881131728934,0.0836064508669094,0.00575647979707756
6460,6810,-2.36373884142132,1.08291009421412e-10,0.0772137343420121
6460,6610,6.13792631849428,0.00043140466953256,0.0236144639620025
6460,6520,-3.83822916740489,2.4543298139535e-29,0.216407745270433
6460,6470,-2.28803561971662,0.000771367670280263,0.0215746033373878
6460,6600,-0.645698649368122,0.747763507818653,0.00019943993448158
6460,6670,-1.16751678851248,0.403882178426494,0.00134285247592888
6460,6500,-1.10214435129473,0.429065664292377,0.00120534986288205
6460,6620,-1.15214578913996,0.4883510435402,0.00092562170470922
6620,6670,-0.955015211432515,0.0349664418895056,0.00913614617702929
6620,6610,-1.07389415991432,0.307285181843779,0.00214899360049145
6620,6600,0.847729499059875,0.288534434418251,0.00232226601671379
6620,6790,-0.554046688683705,0.126229129285437,0.00481453270399024
6620,6500,0.83227902950926,0.1723502341473,0.00383654219466305
6620,6550,0.741734831687826,0.0415565609768119,0.00853543597971914
6620,6450,0.608357567221998,0.0583063866555656,0.00737189080311053
6620,6590,-2.03795364394847,1.16869658573666e-05,0.0388806360239701
6620,6520,-5.38071676818034,4.2993401445862e-52,0.378761281751412
6620,6850,-0.534835263131224,0.537354091976189,0.000784966261828388
6620,6810,-7.17828730841175,7.45124571624004e-31,0.240652420939116
6620,6470,0.606195211019187,0.319048105553231,0.0020471153418267
6790,6470,0.271053875829468,0.62023842076744,0.000522829110664616
6790,6450,2.20293749771068,3.33493139691197e-10,0.0806267158803546
6790,6610,-0.142937603675073,0.884709560083505,4.4781680527207e-05
6790,6500,1.16462699129721,0.0880554906672759,0.00617799200029088
6790,6550,-0.0550367544307798,0.876500833591791,5.14388833931778e-05
6790,6520,-5.28901216456202,4.30873911644376e-41,0.318781039620554
6790,6620,-1.0854701848581,0.00286145480412372,0.0187647305575201
6790,6590,-0.339584212015022,0.386143415280983,0.00159840449095476
6790,6600,-0.523049506142458,0.524057032970081,0.000864166080132826
6790,6850,0.499305730770718,0.570453392196584,0.000685439690893284
6790,6670,-1.19207440554513,0.00051334409542403,0.0253733402326973
6790,6810,-9.24750530622472,3.00450872269176e-47,0.358501416047189
6790,6460,-0.33068500583282,0.718611650778144,0.000276483086373049
6450,6620,-0.934788996643298,0.00973673779672126,0.0119575090362367
6450,6600,0.80298249412256,0.49015874014901,0.000856838046991069
6450,6790,-0.896640695730383,0.0277476532976515,0.00868157871586415
6450,6470,-1.09281561524525,0.179624643789469,0.00323638202984915
6450,6590,-1.24838145576556,3.09435647171142e-05,0.0307659616815855
6450,6680,-1.45595824703,0.00119329825411868,0.0187255588595301
6450,6810,-3.83244444881861,2.74482174990387e-35,0.241652903128797
6450,6520,-5.87384331168676,5.43939791753273e-87,0.505169806630203
6450,6670,-1.35950428753606,2.26863069352504e-05,0.0317954981883222
6450,6550,0.0738435919696225,0.831966113752406,8.10419065580613e-05
6450,6460,-2.12830385763583,3.20658905664878e-06,0.0382912264332192
6450,6610,-0.401366649434823,0.78120405821621,0.000138865582773472
6450,6500,2.60963018405447,0.00943954078277002,0.0120558247441636
6450,6850,-2.78889483342989,2.4877274256794e-08,0.0543974747842628
6800,6810,-2.90852520042246,1.23089690581113e-12,0.117773198013096
6800,6680,3.53595707187981,4.4053660398315e-11,0.102270759984502
6800,6830,-2.97107849246643,1.96099723411732e-11,0.105797479821644
6800,6650,-2.28947082138979,1.98813338063466e-08,0.0752902397590061
6800,6520,-2.31382846532894,6.01573070982824e-08,0.0703427864960353
6800,6550,-2.64765239723298,0.0457077048303377,0.00986979537590937
6800,6690,0.372872155637936,0.481995136073129,0.00122743321907177
6860,6540,0.121983519845304,0.660138458267562,0.000480270443475517
6860,6870,-1.55893788999171,0.000281724727997671,0.0322344834498025
6860,6570,0.157034742373121,0.566177391215303,0.000817355924867438
6570,6860,-1.23974270068337,0.0304312962784031,0.0102098523428096
6570,6870,-8.06626291645501,2.25926416816973e-40,0.321304998978782
6570,6540,-0.223342611234433,0.669303372102409,0.000399521383960101
6540,6860,-0.483332946031766,0.305727507314766,0.00264225907955713
6540,6570,-1.08425889908915,0.00504113091571607,0.0196396394598977
6540,6870,-3.98992768440469,2.25442668743367e-15,0.146539926173495
6840,6810,-6.66537191951856,2.61928530340897e-90,0.391474836802752
6840,6830,-0.00342442844751013,0.9889335511374,2.35329513054658e-07
6840,6730,-0.470272278616582,0.103936829416127,0.00322911296507967
6380,6740,0.505901474481585,0.00499907298932676,0.0297955438291132
6380,6770,0.378806521529883,0.10302720925559,0.0101517171496622
6380,6760,0.303731372591021,0.1616839878135,0.00748965882984195
6882,6883,21.2736588025574,5.31589645708518e-07,0.0103732176727221
7050,7020,-4.91441029054906,2.43134902055776e-11,0.0236181579089193
7050,7040,-1.87611306217573,3.1746705088759e-21,0.0468086006093295
7050,7030,1.03674192518461,2.74150260086917e-10,0.0211353259933205
7040,7050,-3.26853866588788,3.55407112386742e-58,0.119283709114453
7040,7020,-3.41124741628213,2.18072116669346e-26,0.053991982676148
7040,7030,-2.54932401170773,5.19388028902859e-61,0.12489401580751
7020,7030,-2.65769597733841,3.76940412045349e-08,0.102971931930612
7020,7080,-3.80363843329803,0.0299477002345356,0.0167778456625299
7210,7250,-1.82046277507546,3.51652787174693e-07,0.0129037417579888
7210,7180,-2.29899100047522,7.96870666356565e-35,0.0730604661388282
7210,7170,-3.37501233964248,1.04838407904161e-09,0.0184670211299746
7210,7240,1.49002752912719,0.000514916799983065,0.00601978191690078
7210,7190,-3.8880289576532,2.48171513760203e-37,0.0783685012640992
7210,7222,-2.89124489687737,1.89314300187622e-16,0.0333297028314176
7210,7150,-3.53616384168791,1.17198672936862e-34,0.0727046952635032
7210,7221,-3.93892583618522,7.47959694696565e-22,0.0451524423604998
7180,7240,-6.01099396399001,4.5569110519389e-33,0.102317829577123
7180,7250,-5.08571531709924,1.45848795043711e-08,0.0238609952468311
7180,7222,-6.39824172443503,3.30288185358333e-46,0.142035470972574
7180,7190,-2.85886245789998,5.94964968873518e-09,0.0251400690391188
7180,7210,-5.26458562628204,1.79301409890378e-206,0.506960304382763
7180,7170,-5.145138807453,0.00293013538072145,0.00663488031837011
7190,7150,-0.827109352429321,0.0522293330923825,0.00781199668120029
7190,7210,-2.87290276305676,2.31017481796282e-17,0.138905109182554
7150,7190,-0.697797883072302,0.0156758103242251,0.0101824622126149
7150,7210,-1.83284050615697,1.14508315582915e-12,0.0848390767103759
7222,7240,-1.25201552564714,0.000342118110878334,0.0257549458809132
7222,7210,-4.85886206828922,2.05299825189929e-64,0.442476729747879
7222,7250,-1.33970638907088,0.00175586781665323,0.0197189317225583
7221,7250,-1.94019004777907,0.0048444231739618,0.0375261358000217
7221,7210,-4.33250081332982,2.58256720644827e-24,0.392754775763144
7240,7222,-1.16866599763739,0.000422453341664601,0.0254329327296284
7240,7210,-3.37813335758667,1.43255779704926e-19,0.156111842830461
7280,7270,-3.42284153705389,9.12782894929339e-53,0.205599303654012
7280,7260,-0.954646262025238,0.00379926134631076,0.00821554492446386
7260,7280,-0.0924785608260042,0.567975828191984,0.000372381891869255
7260,7270,-0.846440381313588,4.51916283339056e-08,0.0335894048420902
7290,7270,-1.31900288208558,0.00235676986464666,0.0271899708518465
7270,7280,-1.30045538501724,1.76220409420162e-14,0.0285895873342707
7270,7300,0.12579201726827,0.734240404020971,5.68716417505986e-05
7270,7290,-1.96994948644516,4.0194695415237e-16,0.0321520436775518
7360,7350,-4.44804978207996,9.90264310496667e-17,0.0761084859314498
7360,7320,-4.32798837810268,2.56484990720639e-15,0.0692841578401964
7360,7310,-0.760662277389455,0.0483769278932437,0.00446143715590581
7350,7380,-3.45915331551987,3.617963026636e-32,0.0902031357888892
7350,7400,-2.49821205832589,0.000151373893435498,0.00968829098786417
7350,7360,-3.62371718230933,9.94077415052939e-22,0.0603144582360115
7350,7310,-0.00831412269508315,0.972043667923934,8.32938730158998e-07
7350,7410,-0.135661073455899,0.795884547340426,4.53795959862692e-05
7310,7320,-3.68822002305524,0.0595803479494684,0.00249707250440864
7310,7360,3.62920839482452,4.97879242791919e-34,0.0989495996311647
7310,7350,-4.39703806892547,1.28301759494165e-122,0.323394950756349
7380,7331,-2.83494092801459,7.67017670550625e-08,0.0704364709162297
7430,7410,0.286097140654515,0.419192436826453,0.00199061823048141
7430,7330,5.43297703737549,1.87545797872034e-30,0.330793761027471
7480,7490,-0.0782011753542996,0.713520758692301,0.00019921987255461
7510,7520,-2.54489820490488,8.68694628972643e-05,0.00932803689513209
7680,7610,-2.86260791440113,1.83618025136251e-09,0.0728925196074323
7680,7540,-1.25249322043702,0.00503936183328257,0.0163367962092386
7550,7610,-2.4702894825574,8.25939173135983e-19,0.050964087354136
7550,7660,-5.21275734169352,9.26722261219207e-80,0.212186525445644
7550,7580,-4.03731527015037,2.32095539984053e-18,0.0496716462132656
7550,7560,-1.71893252782014,2.98771296898515e-13,0.0348669558048309
7550,7590,-2.31190982483881,9.27014393182006e-17,0.0450483690846688
7560,7610,-12.8232996564991,7.3280492203831e-86,0.351795351295271
7560,7630,-2.28856880344191,0.000147507076265019,0.0160626850897854
7560,7540,-2.99568323932452,4.97801782558793e-11,0.0473908158635929
7560,7550,-2.55086984542673,1.95029750617668e-18,0.0826559047869159
7560,7590,0.733288264310351,0.0268928658997538,0.00549096685749106
7560,7660,-4.13687741293911,1.74281182201747e-45,0.20168166183185
7560,7580,-0.83832203928654,0.0102307897242648,0.00738603360471877
7560,7680,-3.31279275019561,1.17884701375453e-20,0.0930094795335439
7590,7580,-0.208853553978554,0.419879466704108,0.000664049419558803
7590,7540,-0.551088544501861,0.23242597383313,0.0014547378604194
7610,7570,-1.55900983503888,0.0446286499238682,0.00158420372433868
7610,7670,-3.78713529591105,4.29783322504056e-24,0.0395003290877357
7610,7550,-3.62799914560421,1.58921442020744e-73,0.121331842349833
7610,7540,3.58164353395701,0.00299561369381169,0.00345779310621899
7610,7580,1.55246872369877,2.28962224730006e-08,0.0122040538668039
7610,7680,-2.49527413827931,4.65424730442461e-13,0.0203698376271694
7610,7630,0.771771937442165,0.0936726291357207,0.00110420544872681
7610,7660,-3.71841593966261,1.95070915414544e-132,0.210041206215259
7610,7560,3.56711004033031,3.49281801793273e-16,0.0258075623447087
7610,7590,2.49362160673257,6.84613149328865e-14,0.0218193320401112
7660,7560,-3.59615820268021,4.78624900232831e-89,0.199237943440063
7660,7590,-4.12438655523709,1.10698458137909e-85,0.192339519566978
7660,7610,-2.45150458564279,3.31351864217907e-43,0.100055096391986
7660,7580,-5.26857974615263,3.44512177860745e-44,0.102302297855183
7660,7550,-1.01854996493029,2.63179479884353e-06,0.0121749880355754
7660,7680,-5.71931194812475,1.39187874275704e-10,0.0225967497034929
7580,7590,-3.91917708396523,8.33016952064394e-34,0.212296578342905
7540,7680,-0.636280350897482,0.0127063326177664,0.0164007106567907
7540,7590,-0.0089028397667876,0.972263692491467,3.21944589977195e-06
7670,7590,-1.22390036974357,0.00155747677495185,0.0340992758660174
7670,7610,-2.27294075107278,1.13189872017295e-05,0.0646268038498733
6830,6650,-2.75850776474576,1.60548462358366e-07,0.0225197581328059
6830,6690,-1.83794015321697,0.0059471921180404,0.00625677051516565
6830,6800,-3.31650566823537,2.76917620254046e-13,0.0433027415508264
6830,6430,-0.716751468064488,0.423571502196183,0.000531078089510557
6830,6410,-2.97753822886822,3.24976413374791e-07,0.0214142277105139
6830,6390,-1.22076585534305,0.0164480313277544,0.00476202433443442
6830,6840,0.273611320813113,0.470917211904735,0.000431116422701229
5990,5960,-0.0430106519804527,0.927967370687773,1.90724115789774e-05
5620,5520,-5.12696444361893,3.90481072546018e-21,0.234267822144417
5620,5400,-1.15702857593774,0.0415778874267457,0.0123734677233925
5120,4950,-5.78217311947403,1.48235570957309e-41,0.428901641027739
5120,4980,-2.41516302739316,4.30907557081612e-09,0.100507221994077
