"FocalAOU","Competition_Est.x","Competition_P.x","Competition_R2.x","EnvZ_R2.x","BothZ_P.x","BothZ_R2.x","Competition_Est.y","Competition_P.y","Competition_R2.y","EnvZ_R2.y","BothZ_P.y","BothZ_R2.y","Focal_Common_Name","PRIMARY_COM_NAME"
3000,0.382336307385827,0.484965097218814,0.000911983092533512,0.0538077529407412,0.734069705412976,0.0540135698055984,0.257858914386562,0.692177923896846,0.000293198691326055,0.0567928745174104,0.279659908958226,0.0588685607334001,"Ruffed Grouse",NA
2940,-1.24404068103046,0.14340492969595,0.010414949577772,0.380774819089619,0.0132578868302902,0.399433172145451,-7.52182189626586,0.0157897762803143,0.0280874110588546,0.091068111167402,0.0374080321114621,0.110494537834633,NA,NA
2890,-1.80628823801944,0.0175725350384212,0.00479313637062961,0.192943830517067,0.913592420966171,0.192951955603605,-2.75500015172948,0.350805650711002,0.00074155758538107,0.0698986637976956,0.0269409481658978,0.0737831885403679,"Northern Bobwhite",NA
2881,-0.503594467796727,0.338225717670928,0.00454122714697675,0.203454697916353,0.799627860282785,0.20371450605393,-0.632621943379319,0.147813928264983,0.0103414701197543,0.0388703127577504,0.492055803103853,0.0411646745203377,"Gray Partridge","Ruffed Grouse"
3190,-14.2968204741633,6.27704211328724e-52,0.639155121793953,0.338067219617382,1.23217929788476e-39,0.697617243211755,-154.495703464312,1.58126125115415e-27,0.407876549316813,0.0979344684216099,3.09771797422159e-24,0.433762532658814,"White-winged Dove","Mourning Dove"
3160,1.72141579811608,0.000411376551894915,0.0048754065082662,0.248331422254533,1.82098325243371e-08,0.257612862400618,51.7933724804399,2.25367489537203e-11,0.0173672578491884,0.0876353747418374,2.09728811822114e-25,0.125645720111585,"Mourning Dove","White-winged Dove"
3200,-2.46109078753578,0.00126245936206493,0.0619742427828652,0.248690505051672,0.168996791844031,0.257604587932393,-2.61437325672983,0.0281060247071178,0.0292348695309626,0.120441282795073,0.227328339439358,0.128492204985175,"Common Ground-Dove","Inca Dove"
3880,-1.13063222812649,1.70444205867695e-18,0.0811828075059216,0.255633228661735,9.52320026794944e-05,0.268047502426697,-1.25653704288922,1.00357249214979e-23,0.104935680389978,0.0318627477349904,1.67827990576264e-24,0.137261282195981,"Black-billed Cuckoo","Yellow-billed Cuckoo"
3870,-6.20095242004275,1.91759271474628e-131,0.31458962109336,0.467102752304862,4.64177160188707e-28,0.506472876415057,-6.92361388171709,3.58281355091102e-74,0.189987067610953,0.259523381402326,4.46185076776799e-15,0.287934986474513,"Yellow-billed Cuckoo","Black-billed Cuckoo"
4120,-1.89216183510306,2.96019120910167e-10,0.02198967210903,0.169809644298129,1.25430164583042e-18,0.205200608855714,-2.31755549784194,2.47368361210058e-28,0.0659742174465515,0.0702100597520543,2.14899883873031e-34,0.14508701669722,"Northern Flicker","Hairy Woodpecker"
4020,-10.9910996144629,2.04519776811009e-90,0.511485090373858,0.113505633340412,5.3944658613918e-82,0.538517944338475,-17.7982907424098,9.04893782311377e-100,0.547110905951018,0.105032434229771,5.96197177689895e-91,0.56690655484607,"Yellow-bellied Sapsucker","Hairy Woodpecker"
4090,-1.52286833147412,0.000174076769630505,0.00918314542211523,0.382203621353807,7.81217200579138e-09,0.395569085444256,-7.92168022450295,1.17971249380317e-13,0.0353926172045243,0.148474773543847,4.35901912810724e-19,0.191875805086258,"Red-bellied Woodpecker","Red-headed Woodpecker"
3930,-0.995402694857412,6.64831219183904e-14,0.0280466447610038,0.0409129931913677,4.61625543675524e-12,0.0639190928753066,-0.758198794705177,4.38695506264594e-29,0.0614849260140795,0.0254926699412275,8.31294016881419e-35,0.0975906786036031,"Hairy Woodpecker","Northern Flicker"
3960,-3.17239351191111,0.000121392277741879,0.0811617033832405,0.0437569184409743,5.52686921287001e-07,0.174510674532373,-1.3389889267984,0.0320101336391903,0.026004926415637,0.100192446221242,0.00152932250012049,0.151662042955972,"Ladder-backed Woodpecker","Downy Woodpecker"
3940,-0.5936131603407,0.00170466895604414,0.00444701362998295,0.326286546320454,2.13958223088812e-07,0.334458272949309,-0.860994548378766,5.84254081610266e-12,0.0212257333721393,0.192351581714295,5.85740607627451e-19,0.220822758260617,"Downy Woodpecker","Yellow-bellied Sapsucker"
4021,-1.10618509616479,0.048328576013789,0.0162807624416912,0.142375860673796,0.0344898262332896,0.158638442008377,-0.82215359667755,0.00832174070119952,0.0288916443022746,0.178492524060883,0.00576287263526015,0.204878727955721,"Red-naped Sapsucker","Williamson's Sapsucker"
4060,-1.99461362986838,3.75569130744456e-12,0.0407916257805318,0.0569963614525079,9.1302739978014e-21,0.125705662318633,-1.7870402274825,7.48433436336587e-16,0.0545631279212755,0.0184668561799996,6.17159937739793e-23,0.0977446821945955,"Red-headed Woodpecker","Northern Flicker"
4320,-3.79131672819062,2.2221710276118e-05,0.0786835503235686,0.388673563011387,0.0709532748637653,0.397854136516529,-12.4375907325396,1.17855003934784e-06,0.101985377837837,0.244219787713774,0.000489696577334867,0.285666457406078,"Broad-tailed Hummingbird","Black-chinned Hummingbird"
4290,-0.304411618292332,0.343791429805317,0.00342143620278119,0.0646444610476543,0.663872360001426,0.0653302096820962,-0.234719997466552,0.245733200078352,0.00513931518998659,0.0343506470896143,0.577559597509566,0.0355132107025811,"Black-chinned Hummingbird","Broad-tailed Hummingbird"
4330,-4.02779365151384,7.88431854230971e-09,0.168478406425046,0.369286727410091,0.265197825801765,0.373707280841053,-3.254936612636,1.66972128558195e-08,0.16173346967687,0.262106354168878,0.142564270672099,0.271040524845134,"Rufous Hummingbird","Calliope Hummingbird"
4470,-2.896147998906,1.12287121521931e-11,0.0524618922405524,0.281988149428323,7.67590248400569e-18,0.341779262722218,-17.146885561925,6.67861886284327e-14,0.0635379810354868,0.132963135307434,3.56638114065547e-20,0.215008872415457,"Western Kingbird","Say's Phoebe"
4520,-4.19830751302867,2.78687980658033e-54,0.12998527381912,0.108923074799482,1.65626866250525e-71,0.259722154805341,-13.3098176649127,5.84936745022241e-99,0.227345508443977,0.0164158794527653,4.63745974159521e-115,0.272383145708343,"Great Crested Flycatcher","Eastern Kingbird"
4440,-0.633965291235526,0.00397895828963751,0.00406808116935409,0.128688046298138,2.4572135638786e-26,0.175748483888738,-4.94911728917477,4.84850574002878e-29,0.0596351925315632,0.0487319540155376,3.47755820440551e-61,0.168140625964802,"Eastern Kingbird","Great Crested Flycatcher"
4430,-5.60982041060614,5.31327873921633e-31,0.380963270024301,0.44018551018267,3.49644826436653e-20,0.588327330140642,-21.8340571428225,5.97790083219617e-37,0.438384662869946,0.41694835737573,1.12041949317056e-18,0.560443104612489,"Scissor-tailed Flycatcher","Eastern Kingbird"
4560,-3.08221191401357,7.27500874777394e-29,0.0730507496031843,0.0999079871232059,2.30518476075589e-42,0.196750619605898,-5.06819275581383,4.21043534246879e-57,0.143404902762446,0.0455675279595931,3.19612520818439e-70,0.212303083480787,"Eastern Phoebe","Great Crested Flycatcher"
4570,-1.32829098201352,6.52301986395087e-05,0.0295533040536642,0.0907642913015727,8.12763474615312e-07,0.131744232141657,-2.08493110652402,1.46327725668087e-10,0.0743740429489379,0.0738439086853987,1.34172889754648e-13,0.165211988901315,"Say's Phoebe","Western Kingbird"
4590,-1.74469126983897,1.87453594807547e-05,0.0314269592112818,0.121111838959113,0.000130958971829679,0.143399078534146,-1.10174601825668,0.000457596614325201,0.0211864043972744,0.0754680704344604,0.000127927735036755,0.0989826013614324,"Olive-sided Flycatcher","Western Kingbird"
4540,-5.21952525093956,2.32553415874591e-18,0.204715711387325,0.0460996694910452,3.65517437166005e-25,0.311405339796806,-16.9910035622668,1.25602689932832e-12,0.140248290159773,0.0526066505079204,1.37753033869533e-13,0.197609692703316,"Ash-throated Flycatcher","Say's Phoebe"
4610,-3.46004567027294,4.54700410408085e-35,0.0880385370393498,0.196766990316169,3.55130333145963e-42,0.28192555524516,-7.379452467455,8.06974728120218e-71,0.173958368911238,0.128537229224556,3.45659334599554e-81,0.300901947834861,"Eastern Wood-Pewee","Eastern Phoebe"
4480,-2.94078859441802,0.00139541070293532,0.06560047934017,0.229953363487048,0.000551235666523239,0.290192496178992,-10.1212836709443,7.29975354304852e-05,0.0992475221707736,0.122856657731683,7.02882744451913e-07,0.25847259228214,"Cassin's Kingbird","Ash-throated Flycatcher"
4620,-3.88612514825908,5.98433998783103e-24,0.13390034451365,0.11338492734538,2.39612621863252e-34,0.282760799677515,-8.0952978692569,2.63811345245646e-14,0.0785850443620567,0.0674677952256166,2.00885479021691e-16,0.152781780655186,"Western Wood-Pewee","Say's Phoebe"
4670,2.64502720144158,3.5099838017241e-14,0.0617798543271509,0.327430790622976,0.0231408276253118,0.331289223087963,-0.337813884819417,0.644844849512969,0.000235909471551496,0.0884113161810168,0.000181228501749445,0.102552716917398,"Least Flycatcher","Alder Flycatcher"
4641,-6.12152996374796,3.33354763905871e-26,0.446601145741148,0.346307257207767,5.76379759316334e-15,0.529438762466443,-27.8026946776155,2.79736421498843e-25,0.434152017357168,0.26879766427254,2.87185011125018e-17,0.502470774418507,"Pacific-slope Flycatcher","Western Wood-Pewee"
4650,-5.89315286087777,4.10061489649717e-32,0.140997633152689,0.118830929136011,5.06806422464547e-45,0.291061536367124,-11.4928053340629,2.5480367796659e-65,0.272555591173583,0.0887873765048373,7.95040337958058e-92,0.420808951300914,"Acadian Flycatcher","Eastern Wood-Pewee"
4680,-2.40910041109708,5.62069489268295e-06,0.0662958291149215,0.187993006021822,5.52498651050691e-08,0.264950409828375,-6.09453582800269,4.23941235458294e-12,0.147655919067026,0.132710883388299,1.70502959362812e-20,0.351297041780659,"Hammond's Flycatcher","Dusky Flycatcher"
4691,-0.377333660803055,0.629740738791499,0.00175250569885829,0.0609247476520133,0.585893991947949,0.0630912524045638,-1.2968834370525,0.364290963706039,0.00619236263185687,0.0878977114914247,0.182756500164066,0.100410476586608,"Gray Flycatcher","Dusky Flycatcher"
4660,-1.25876028347853,7.17243654747583e-06,0.0168084792337046,0.138056379913644,2.04069428353836e-11,0.170139843975137,-1.83173677883864,1.95119240680731e-07,0.0225281009732959,0.124862084375911,4.74828659828238e-06,0.140194378793961,"Willow Flycatcher","Alder Flycatcher"
6870,0.745743299170583,0.01761441051485,0.00494080528671491,0.222399474400954,3.60364811499464e-11,0.251885769529507,-1.3781578273218,0.031057389673442,0.00407938100405872,0.0473959660884005,2.29677163208231e-16,0.102332708558297,"American Redstart","Least Flycatcher"
4690,-0.963627548167882,0.0822870192416248,0.00943444128628971,0.094011998777752,0.0021548218218414,0.120725640314866,-5.71929420115014,1.17685639532476e-05,0.0585023605043405,0.0415743553197014,3.63282722410181e-06,0.104760768270917,"Dusky Flycatcher","Hammond's Flycatcher"
4640,-2.152168729676,0.000603555233065004,0.0674386403502636,0.0961397183699154,0.000283860496375644,0.165701131440122,-3.75036037818813,0.00122985826659149,0.060104479414664,0.0641548961498064,0.00176192711937568,0.118183637414193,"Cordilleran Flycatcher","Hammond's Flycatcher"
4750,-3.67460814939359,1.3173500108523e-09,0.063415989957682,0.194967494255349,4.40616971604194e-17,0.290704575376084,-12.3951897471155,1.78121182321542e-06,0.0398222336525556,0.12706063789078,1.32556749921507e-13,0.208802627058969,"Black-billed Magpie","Steller's Jay"
4840,-1.43770218086788,0.00228586063907474,0.028526121742997,0.101361436642281,0.427379995222366,0.103142601334765,-2.84632887541059,1.95345655600968e-05,0.0551370132154848,0.0901222371072355,0.0346826124857987,0.102816192483483,"Gray Jay","Steller's Jay"
4812,-4.76659861245235,2.11804497454647e-11,0.346310352740329,0.310433474138513,6.4787702066154e-08,0.482881716780208,-16.4930872751336,8.8655020044257e-13,0.38373455885848,0.561234059825267,3.97600589372645e-05,0.62846377048589,"Western Scrub-Jay","Steller's Jay"
4770,-5.97946755943125,3.01194871089392e-25,0.0560184526017283,0.356679793179371,7.41341846863095e-11,0.371138841693396,-15.5707394706219,9.59491538979993e-11,0.022164314758788,0.0598216646656308,8.70359571012325e-14,0.0874491318331228,"Blue Jay","Gray Jay"
4780,-4.52976113478171,1.02148120611563e-20,0.217879448882279,0.208137048048072,4.59886511866267e-15,0.335428847393701,-13.0466896573749,2.22127397770738e-16,0.173132249647973,0.154557009146496,3.0817298755726e-12,0.264094560934275,"Steller's Jay","Clark's Nutcracker"
4910,-0.561858838692619,0.29356213170652,0.00452038670992961,0.0789867885080768,0.259580444445104,0.0838615161365243,-2.20577938180978,0.00222035805521279,0.0377010789228898,0.0676594410159916,0.0026622965927758,0.10214062910711,"Clark's Nutcracker","Gray Jay"
4880,-0.025638106460772,0.957716930996035,1.1948952537194e-06,0.435439498697514,1.71748841931894e-08,0.443030136700777,-9.35881987905372,0.0722638430138686,0.00137241960009126,0.217744276288115,2.47805685580777e-12,0.233917185246706,"American Crow","Fish Crow"
4900,-8.43783051085637,4.89722099467121e-40,0.270753314988201,0.222183382204368,2.33432743042144e-27,0.371332932004281,-35.3452663136375,4.89929487018057e-127,0.644698338272144,0.106192759060793,6.54330584168487e-114,0.648368321958351,"Fish Crow","American Crow"
4980,-5.30302805186264,5.37751262640311e-221,0.330963745165983,0.153839217155627,2.71928062561426e-182,0.392517340875935,-171.857087584458,5.71147985709273e-107,0.175212012678136,0.052589442013249,5.07754259865744e-86,0.188184547714972,"Red-winged Blackbird","Brown-headed Cowbird"
5070,-6.28922852608192,2.94204671621425e-66,0.187652369284855,0.273074966032527,2.98633416165096e-27,0.330589621888378,-9.77934933848815,2.10555527959558e-53,0.153264618049011,0.141569441427068,1.60943268666716e-27,0.210171850222086,"Baltimore Oriole","Brown-headed Cowbird"
4950,0.526688755600804,0.00211747706532116,0.00367469999372175,0.156824250133638,8.27158104990731e-08,0.166232255653462,-0.0175018347856477,0.990627466677056,5.37875546898774e-08,0.050824021058429,3.87005956292358e-06,0.0586944564443255,"Brown-headed Cowbird","Red-winged Blackbird"
5080,-3.43441586929979,0.000218096390015021,0.024835152730857,0.122223542999433,4.73233182718906e-08,0.169429827571354,-3.85061462350067,0.0289135528712911,0.00874306009957338,0.0967124201665159,0.000414726684011844,0.11734275746472,"Bullock's Oriole","Baltimore Oriole"
5060,-3.44954731497729,2.59524247325398e-63,0.188145492892318,0.232563930884297,2.63442955225723e-43,0.333536251814463,-5.07649072135269,5.42131624720964e-58,0.173371686663791,0.108133300057683,2.12113970779024e-39,0.215141357850929,"Orchard Oriole","Baltimore Oriole"
5100,-2.13066728279708,1.4184279248832e-09,0.0456918537940882,0.17654456539341,4.40997974755118e-13,0.230130519693145,-18.0657933770448,3.86084558624557e-11,0.0542279162543955,0.126749958722329,5.37379731322779e-13,0.183169625656965,"Brewer's Blackbird","Red-winged Blackbird"
4940,-8.00660463284522,1.70212629839804e-30,0.13568168983594,0.264110913289787,5.47793381493347e-18,0.322755111781734,-28.6535161185168,1.1915059322467e-17,0.0777888460202975,0.0817489435556911,2.83117599609264e-11,0.125867320658248,"Bobolink","Red-winged Blackbird"
5011,-1.03411733881224,0.000565222937024613,0.0111568814143999,0.338791688017235,0.000158417027586776,0.347670483321554,-53.8590044312702,6.34404071600883e-22,0.083704188201319,0.379306252383715,2.3209573165912e-29,0.449440607243231,"Western Meadowlark","Brewer's Blackbird"
5010,-2.21416227902204,1.13186971273058e-20,0.0517563190884876,0.0727941018668523,1.31579077650504e-44,0.177922608073114,-22.614987098868,4.49970099075022e-44,0.111793293980476,0.0469281207699503,2.15954966512852e-68,0.209645221365442,"Eastern Meadowlark","Red-winged Blackbird"
5110,-0.978791332107568,5.8369054649953e-06,0.0100602748933189,0.303984220578128,1.8727167207881e-22,0.335854969602864,-53.8499286300933,5.13365414607572e-35,0.072281839814442,0.176327762188023,4.28726545715652e-48,0.258219148811925,"Common Grackle","Eastern Meadowlark"
4970,-4.38941490616129,1.61620687356962e-09,0.0786028519510877,0.110613428132943,4.47302734751436e-16,0.234393451466516,-78.6392752102905,9.47036760629999e-10,0.0807604788456796,0.124771780672467,1.82452341100509e-13,0.226072888938126,"Yellow-headed Blackbird","Red-winged Blackbird"
5220,-0.0997351087596976,0.718349056288227,0.000938758831211832,0.443994507341722,0.825087822714539,0.44419638242179,-3.71884382088189,0.0102343335644922,0.0464911415122948,0.169568747870282,0.134070196206519,0.183313013214708,"White-winged Crossbill","Red Crossbill"
5190,-1.55446638503396,3.56781050356027e-18,0.0347423538270532,0.107936939208143,1.25088329023448e-38,0.175886771741004,-11.5797359978267,2.6730295821188e-41,0.0813074624579998,0.0167532541339499,5.29424430914236e-55,0.123055813604499,"House Finch","American Goldfinch"
5290,-4.16080885118271,5.33678843791984e-73,0.149930837637602,0.441628206574829,6.43397140702522e-29,0.475230344165816,-12.6313792942041,6.05209803211361e-46,0.0957990432866045,0.216989882162742,6.0860173706723e-19,0.247234621802762,"American Goldfinch","House Finch"
5210,-2.39796604731952,2.25798715762605e-05,0.0423998512353763,0.284223315328041,0.000132911557488644,0.309233469629774,-2.55400349767242,0.26501466142411,0.00299278495979302,0.157493381745441,0.900103614837953,0.157525722467901,"Red Crossbill","White-winged Crossbill"
5170,0.423826917160134,0.140718911781252,0.00317920413503887,0.0343938633365898,0.00234049043183489,0.0475036734791448,0.250044453633021,0.488270054069702,0.000704573517483524,0.134654047757475,0.483720771587066,0.135280271504272,"Purple Finch","Pine Siskin"
5180,-4.09112929234212,3.82000087797496e-20,0.270878209269674,0.0810667813486433,2.85642995966982e-19,0.323052187619486,-6.63803902088273,1.22602361893153e-17,0.239133580383168,0.0789724008340434,5.05209840869104e-19,0.318602226733402,"Cassin's Finch","House Finch"
5330,-1.06188779453567,0.0199503067049288,0.00812989682632122,0.140292818137525,0.0789982400918267,0.144305459204932,-7.3009117145193,1.42690088866547e-06,0.0344258836052289,0.105272505443008,0.0180680235825285,0.112823648668946,"Pine Siskin","Lesser Goldfinch"
5300,-0.389265668217393,0.422272454043229,0.00207855143764062,0.234531438479067,0.277525514304479,0.237480290708805,-6.19420916952501,0.0019816360734874,0.0304364537881133,0.189488384248845,0.0820900264569898,0.197469105802028,"Lesser Goldfinch","Pine Siskin"
5580,-5.80692947577171,1.16500533876758e-47,0.411648879291487,0.254823507648431,7.97770476758704e-38,0.510901012477618,-32.3261174219541,2.91957005566317e-37,0.336551800034388,0.198758302135933,2.29971266613919e-26,0.398999694182354,"White-throated Sparrow","Savannah Sparrow"
5870,-3.39495134271577,1.77632205949168e-75,0.211070939088562,0.310476780222679,2.02409831720787e-25,0.361175958857873,-12.0487341643947,2.9469539541369e-94,0.257394086501407,0.140984923157909,1.42952817537489e-61,0.291646546474735,"Eastern Towhee","Song Sparrow"
5810,-2.78586467081576,1.4627199645625e-42,0.094163183953802,0.256317848530638,9.66761518808992e-66,0.363388156349951,-29.5789229393329,7.62698740844252e-86,0.184497100667529,0.24430605186707,1.12371532356022e-114,0.425770728957331,"Song Sparrow","Chipping Sparrow"
5630,-2.20148653709142,3.74736644637039e-14,0.0395603441050687,0.204118225391535,3.5666257895247e-28,0.269395672414062,-10.5500872078153,4.70088653003286e-67,0.190097512918463,0.103468708657142,4.28273976139704e-73,0.288406743917185,"Field Sparrow","Chipping Sparrow"
5610,-3.94135749155143,7.72049979136361e-13,0.118946446692772,0.465343127132084,0.356980873336912,0.46647181863935,-30.3042860572816,4.19081430524362e-17,0.159965431096797,0.3294676447073,7.52774662037323e-05,0.355138759499329,"Clay-colored Sparrow","Savannah Sparrow"
6050,-5.72009238297417,1.72248982427474e-23,0.381656549336322,0.448124049909511,1.78076120851427e-26,0.683844297964782,-86.714237124382,1.19450932321165e-15,0.265672835164703,0.239016172788243,2.41927424876681e-13,0.415308281992447,"Lark Bunting","Lark Sparrow"
5600,-1.59125295257148,1.46603017094732e-18,0.0347684590098891,0.268586604820735,3.60473227691642e-13,0.286100348571781,-8.63888243446092,2.91904157902181e-22,0.0421852660476098,0.222394715450065,2.40100107343032e-15,0.24443797205135,"Chipping Sparrow","Savannah Sparrow"
5780,-4.3044309402931,2.97318402073759e-12,0.214712599337436,0.279145187782712,0.00103412084485661,0.317385751178994,-38.9332129580803,4.93862406563223e-12,0.210825510190975,0.288861935812593,1.99473316872678e-05,0.351445809555003,"Cassin's Sparrow","Lark Sparrow"
5480,-3.31225296821606,0.00237802860074049,0.0572839134538698,0.275227163247965,0.0777894147354195,0.289860218854095,-2.50367848244664,0.0196695008073292,0.0341688178460303,0.186350804831119,0.233603504935851,0.193885433062007,"Le Conte's Sparrow","Savannah Sparrow"
5520,-3.87604804640805,1.20910478630082e-06,0.0258268065612695,0.243904067529456,6.34709737621265e-08,0.268178600406338,-6.68943030438361,0.000880033335265691,0.0122117140399635,0.212681355124204,1.06048678033009e-06,0.233320702043124,"Lark Sparrow","Baird's Sparrow"
5460,-3.11828921271849,1.79218312643881e-55,0.173652852991879,0.115073481141918,3.64109507110361e-91,0.356576296197184,-12.1243301982696,8.22758122608745e-76,0.231310913863375,0.0422339226910467,9.57949744373949e-98,0.31978800316031,"Grasshopper Sparrow","Chipping Sparrow"
5850,-1.72582168047702,0.000503236718768289,0.0479154657144594,0.156782184947935,0.0107102671139786,0.179126750760952,-9.54370839970883,3.9417875377382e-05,0.0662585682975967,0.118592153926529,0.00855932010760212,0.143362086264275,"Fox Sparrow","White-crowned Sparrow"
5540,-0.899574522512222,0.179424507015482,0.0055389357686979,0.334879231597311,0.1489038062079,0.339188889008856,-5.42583708349504,0.0673986532123482,0.0102559999226506,0.107235935743653,0.0176153197694775,0.12279247356149,"White-crowned Sparrow","Fox Sparrow"
5840,1.40010847735768,8.13115487587649e-07,0.0383853891175971,0.0903830889759915,0.000168302574145711,0.110997846423636,0.459455867963324,0.185830481546319,0.00281239669018503,0.0450095781035824,0.268569045653167,0.0469007346234436,"Swamp Sparrow","White-throated Sparrow"
5730,-5.1842587156757,0.000155982786930081,0.066587122476083,0.386787417578355,4.93906568372555e-08,0.470162030729183,-21.7422604500539,0.0338263016186179,0.0214694527050207,0.214913424586935,0.0125090800959441,0.238610979986232,"Black-throated Sparrow","Black-chinned Sparrow"
5400,-3.82506416277303,1.51103909759693e-58,0.207427169770775,0.257402275153638,6.65472068154482e-40,0.365102474555679,-22.2652836799024,1.14046811302515e-101,0.335919170394704,0.18828663731076,1.15761709018343e-83,0.420314709470614,"Vesper Sparrow","Song Sparrow"
5900,-4.76404990695639,9.22388772698952e-18,0.245511521106655,0.0476481329179716,1.43989532853841e-17,0.282152666065835,-12.290815336313,5.16704290476945e-13,0.180763966191762,0.0456185526739106,6.80344283324073e-12,0.205095812734889,"Green-tailed Towhee","Spotted Towhee"
5880,-2.73598684456188,1.70807477270568e-10,0.0767655269459401,0.0659437881197854,5.56066193712773e-12,0.149521854246046,-11.124294861036,1.27162029546708e-12,0.093960231748284,0.0386000167401096,9.96332847085714e-17,0.161001351089749,"Spotted Towhee","Green-tailed Towhee"
5950,-1.977151406851,4.25608680183826e-18,0.0690816259250671,0.201619779557392,6.13408760187498e-23,0.272463757921171,-3.53283698454816,3.23795488624758e-40,0.154434667023977,0.0792271853823854,6.88789966424046e-51,0.257449154622801,"Rose-breasted Grosbeak","Northern Cardinal"
5970,0.917997155206149,5.66507401177559e-05,0.0143005270798374,0.282574226357296,3.42617535483949e-08,0.301790949756928,0.398091442227268,0.415574093160715,0.00058871807247047,0.181599415366267,2.9128216290005e-31,0.274576132212772,"Blue Grosbeak","Northern Cardinal"
5960,-3.7711588573463,2.91698485614231e-16,0.113974783586078,0.115132566591676,8.32303085027663e-10,0.173882952829243,-6.23995544063833,2.65080897189386e-10,0.0696982526335665,0.12129179961947,1.62871562515599e-07,0.164154585214408,"Black-headed Grosbeak","Blue Grosbeak"
6040,-2.57339583863662,2.67787045196089e-21,0.0970305927709731,0.304450479813518,7.05335960325737e-84,0.547573154493545,-45.2918183476484,4.32362590938534e-40,0.18103242715815,0.154288042443849,2.75425677225593e-92,0.473639124207448,"Dickcissel","Indigo Bunting"
5930,-1.62443244144152,1.57120869876578e-07,0.0162884956134271,0.296884509241958,1.77257305776299e-49,0.383149646182772,4.49711440359577,0.238813613481017,0.000828312123211534,0.192389399592008,2.22927589381775e-06,0.203140084461,"Northern Cardinal","Blue Grosbeak"
6010,-6.06175500287413,1.16802855814029e-26,0.381755942940953,0.307924016861278,5.51969853259148e-17,0.487489961814692,-36.8455672951959,5.88988044031364e-31,0.430801248568827,0.379699031150239,3.14204743092258e-14,0.515387729416858,"Painted Bunting","Blue Grosbeak"
5980,-4.14034567066593,4.33095907365564e-46,0.112907174789241,0.442622859573376,5.19650023107422e-13,0.459538302433628,-3.10377789537347,0.136163618995806,0.00130895501854392,0.365957186721054,5.88456115623599e-06,0.373604440040592,"Indigo Bunting","Blue Grosbeak"
6100,-5.31346158649477,9.28445175053951e-08,0.0352137784604769,0.330215002465926,0.1310338428129,0.332141792601959,-5.22287757859647,0.000369389636755905,0.0158145195182828,0.17559846665754,0.766436684646373,0.17569036141062,"Summer Tanager","Hepatic Tanager"
6070,-3.8733712504268,0.000134212056381692,0.0273667102883573,0.160293412442854,0.0980747060159323,0.164688235514253,-9.62935455540464,0.00557037579227004,0.0145163888162502,0.0956189620010137,0.671114943383313,0.0959315838192435,"Western Tanager","Hepatic Tanager"
6080,-1.84323764483894,2.04212110062815e-11,0.0370065436480322,0.132518953336175,3.32080418876556e-09,0.157703759587765,-2.51588036305325,2.92384742581587e-10,0.0327904845921927,0.137997444215874,6.24224255986979e-05,0.149553733688738,"Scarlet Tanager","Summer Tanager"
6160,-2.38763351065583,4.97174943535104e-24,0.1145115133285,0.0467311233082814,2.57390070501953e-39,0.223993159956998,-24.3289491275391,2.59970829715201e-48,0.224145784212924,0.0139569085175815,3.58179111639844e-55,0.264103746048524,"Bank Swallow","Tree Swallow"
6170,-0.132663847874842,0.438288511132677,0.000302832461597074,0.0739718661536111,9.05773861681564e-11,0.093419721212821,-5.0573223025263,1.13783381026009e-47,0.100631306601254,0.0164272330592738,6.17281529147616e-50,0.120222984422158,"Northern Rough-winged Swallow","Barn Swallow"
6130,-1.56446821597368,1.35514541498555e-10,0.0165960047177568,0.286126564951086,5.64999560329167e-05,0.290817942921234,-8.08874371563398,4.13415515479768e-09,0.0139306781790949,0.18425434097075,0.0001506816229195,0.189004474285569,"Barn Swallow","Bank Swallow"
6140,0.497742925261837,0.0346639328611677,0.00225708575430511,0.226930530857281,0.0970167555137809,0.228010195234355,0.400166330673561,0.459363416117712,0.000277219254850647,0.0709169553504028,0.215357634527163,0.0716404387386099,"Tree Swallow","Bank Swallow"
6120,-4.48134206044747,4.40621715237901e-113,0.25095214898611,0.0381586911005972,2.68625003619816e-114,0.282283074204076,-82.1309953532293,1.08653545825511e-66,0.154971322400164,0.0330246632105155,1.36358320096423e-72,0.195641668098981,"Cliff Swallow","Barn Swallow"
6150,-3.13382191283209,9.41099690009108e-15,0.0988670799433816,0.177179201862955,5.05379565370539e-15,0.260650467576691,-12.3280333672911,1.62594132424283e-12,0.0829004462251469,0.0873918783191079,4.00691204022352e-14,0.174115125042868,"Violet-green Swallow","Barn Swallow"
7030,-2.73924576377955,5.71140469166408e-08,0.0181143620248227,0.442076125103189,7.07279137790246e-11,0.456633109635305,-22.0474312111435,6.42263222835415e-12,0.028862362053589,0.244903154557724,1.34761759985618e-25,0.294568399480539,"Northern Mockingbird","Loggerhead Shrike"
6280,-0.100307221241588,0.772725672586936,6.91331625810202e-05,0.0367567198659398,0.58091621195105,0.0370008086374476,-0.807747752919697,0.0051754178287886,0.00645820802542005,0.0185696788305394,0.000191819244040316,0.0298566790283226,"Yellow-throated Vireo","Red-eyed Vireo"
6290,-6.61975690243206,8.38956896744321e-08,0.0460180749942507,0.014426839878726,9.91526696370988e-11,0.0802269617608499,-15.4068370895844,2.59864912210606e-35,0.222977655210711,0.0132065159172163,1.01633760477893e-44,0.287084239875677,"Blue-headed Vireo","Red-eyed Vireo"
6310,-3.79085912071573,2.63967845431155e-33,0.146983607881681,0.383348103087358,1.91615564389947e-05,0.395665986645138,-12.9173560785012,3.45266880837559e-47,0.204573153115867,0.187324703704825,4.20247552253937e-25,0.277989664794267,"White-eyed Vireo","Red-eyed Vireo"
6270,-2.65228598534203,2.33659420030784e-46,0.114310800067587,0.130020499269626,2.07448681591954e-82,0.301950873080592,-10.6256850711646,3.34052941801891e-68,0.165489033157271,0.0773177999207302,2.64940064415007e-68,0.230554998351434,"Warbling Vireo","Red-eyed Vireo"
6240,-4.81880153882746,1.42651270263393e-149,0.304763967866847,0.137018579850995,1.66865966290016e-192,0.460795426251156,-32.8884331177641,1.92330712635738e-108,0.230643801054952,0.0902804046602388,6.08920219551836e-179,0.412232432850464,"Red-eyed Vireo","Warbling Vireo"
6292,-1.51795105212994,0.00702056075581022,0.0401173472154591,0.21074704153729,0.239158696976113,0.217024764482376,-2.71704551270764,0.000996258412490362,0.0592128488344708,0.14189788541135,0.0545176444662573,0.159987959140208,"Cassin's Vireo","Warbling Vireo"
6330,-1.43256937663464,0.000134492212451254,0.0413152451789367,0.308985109921691,0.648295614042122,0.309405975617057,-6.71928179069988,5.58306212897719e-08,0.0818469452746797,0.218677522556823,0.0498641121444395,0.227427503647166,"Bell's Vireo","Warbling Vireo"
6291,-4.7084739864245,9.76485835821699e-07,0.110618339912642,0.306872969859665,0.00430737436806045,0.33448044576558,-8.61928096798806,5.59974041588077e-14,0.24141596575757,0.202849653190118,2.79156180663388e-09,0.331611063202705,"Plumbeous Vireo","Warbling Vireo"
6590,-6.02139207466256,2.1897070991669e-62,0.348491490194437,0.322138465233566,3.01816599375935e-70,0.583517813500147,-16.5993855075261,4.44635599290118e-74,0.400236560615721,0.135692288192929,8.23350091822473e-82,0.5109589853956,"Chestnut-sided Warbler","Yellow Warbler"
6520,-2.47655448576418,3.94333080229063e-31,0.0664073558787524,0.194196890176306,1.34457635357463e-56,0.291376242458959,-11.3727105931227,2.75919433297445e-43,0.092541286639509,0.0432901725005892,8.68886327363538e-59,0.16297928924969,"Yellow Warbler","Common Yellowthroat"
6370,-0.229646034171965,0.599308710396085,0.000685577430490744,0.251686307999656,0.00182255438481211,0.269718248711459,-0.806680223838912,0.0527043247838858,0.00928153511807425,0.164550761045519,4.07855373502988e-06,0.207889226683269,"Prothonotary Warbler","Yellow-throated Warbler"
6730,-5.94245089404036,1.99153934002686e-31,0.179483462837716,0.181400991234811,1.0888666350583e-18,0.269567993850754,-7.67491013613278,9.1803305346143e-47,0.259144029587698,0.147529754473668,1.72359267946366e-31,0.30163655624159,"Prairie Warbler","Common Yellowthroat"
6670,-4.57189089989758,2.54366761011559e-37,0.248474499772227,0.0547787940019167,2.16903548421768e-79,0.495708157205696,-8.82965379959107,1.72557064830191e-48,0.312935015200811,0.0126483006027507,6.40078097823451e-75,0.453796257006955,"Black-throated Green Warbler","Yellow Warbler"
6810,-2.95897537928805,2.16260102432947e-49,0.0923128828418479,0.347707175242224,3.63304566296748e-19,0.370513946987206,-7.17319376032845,1.78626005696955e-19,0.0355036810697673,0.165682860547137,2.43612368561254e-11,0.182056010154183,"Common Yellowthroat","Yellow Warbler"
6710,-7.29411152070318,5.3688950610869e-129,0.47262894207118,0.111362368566086,9.0598847728849e-117,0.502852471980791,-19.7501233529563,5.5253114127219e-125,0.461860312559301,0.0966806695274678,8.01279800158037e-110,0.476563533794109,"Pine Warbler","Common Yellowthroat"
6850,-5.45841612196482,2.60526146291143e-45,0.361692238034949,0.0707172847916224,4.82507089007564e-42,0.3888237401156,-20.5341872909803,1.00884430954204e-27,0.234997797998104,0.0631924715143613,8.14983058161859e-23,0.247797753685014,"Wilson's Warbler","Yellow Warbler"
6480,-6.1914369270629,6.59705813117436e-79,0.268456572532412,0.0579936455422405,8.56785769566022e-72,0.291413025226673,-11.2340973910143,5.87258944463716e-110,0.355107618525272,0.0494774795847312,5.34969035753775e-106,0.378010930943745,"Northern Parula","Common Yellowthroat"
6630,-1.35544921906883,0.000456489829291629,0.0229778305958175,0.100971225831381,9.19835446975646e-10,0.162985031518532,-1.45065824576787,0.000158686765225553,0.0266326621863416,0.0530705130601675,3.9376379882226e-08,0.106018980472864,"Yellow-throated Warbler","Prothonotary Warbler"
6740,-6.79577316852988,1.57048483020914e-109,0.351018815081418,0.0887505404747546,2.51009768192685e-116,0.42547981045658,-41.0126723162631,1.8002403246536e-174,0.500157398136565,0.0595951943657406,1.98273104759032e-199,0.576025773374132,"Ovenbird","Common Yellowthroat"
6360,0.260777202697579,0.29530906353339,0.0011051517524377,0.0634777666814562,9.94925965606028e-05,0.0777469057897047,-0.387896596317345,0.0854940004365808,0.00298114544358855,0.0418056500400862,0.951837307960301,0.0418091934796751,"Black-and-white Warbler","Pine Warbler"
6760,0.297448465084229,0.18095411374,0.00263435719359641,0.113230017415887,0.0430477981905364,0.118595501432626,-0.230394528120587,0.012683117742188,0.00911484020068153,0.0501447655069323,2.30731697506343e-07,0.0870870548326274,"Louisiana Waterthrush","Kentucky Warbler"
6770,-1.73063023725346,4.41984728930553e-05,0.024609183726426,0.190996012848311,0.00264836668654674,0.201905213652065,-2.15138171732408,8.22839805964914e-10,0.0547617499370623,0.151237196984436,4.01285115898884e-08,0.188823395706788,"Kentucky Warbler","Louisiana Waterthrush"
6410,-1.77135575257277,0.0132601068351635,0.0123032310662295,0.0739652962108673,0.00111359384585795,0.0937753893115004,-2.09505571540976,2.58749243916567e-09,0.0690854026749194,0.0427133527422619,8.32121588714446e-12,0.129461795904566,"Blue-winged Warbler","Common Yellowthroat"
6390,-4.6170744567248,6.06080326025404e-19,0.16093332167282,0.0597514486563604,1.42529446997771e-18,0.209322411869976,-6.00907214173846,4.50241126731881e-42,0.336371357774945,0.0248732016348651,1.64413024109276e-45,0.377594418228285,"Worm-eating Warbler","Common Yellowthroat"
6650,-1.31725173604086,0.0143153133620764,0.0259113146259252,0.0733253565630563,4.62337658554354e-06,0.156027643635674,-4.37517283961144,1.23594642254436e-07,0.115185838571497,0.148222505144478,4.66783749390459e-14,0.338809682884986,"Black-throated Gray Warbler","Yellow Warbler"
6460,-4.92485827956018,2.19469803835609e-32,0.272367706227855,0.217828929951318,4.34915302991134e-26,0.39394514118903,-19.9060731074822,1.24667748808294e-27,0.235662414251292,0.0970228034301886,1.04619048816929e-23,0.282747379758731,"Orange-crowned Warbler","Yellow Warbler"
6620,-6.8167041715147,9.21941309740257e-54,0.451725068319136,0.103693970125042,4.90649146206342e-53,0.507417523282971,-6.67127029298701,2.18785790574921e-50,0.429902758029734,0.0554028926271267,1.10231153449646e-50,0.466421194552927,"Blackburnian Warbler","Yellow Warbler"
6790,-5.72805258259734,7.55774998409139e-40,0.337749937624523,0.327832893470425,3.18389830659753e-22,0.462741957412386,-10.8204152903018,5.08477116778806e-67,0.506528500508394,0.175691308770736,1.35015422928026e-50,0.516470415312096,"Mourning Warbler","Yellow Warbler"
6450,-6.75552725846463,1.64134031390739e-80,0.539581922683698,0.0359877760627981,6.51691811438512e-81,0.560880982239872,-22.492420418045,1.41143190805581e-57,0.422757694256734,0.0345913308784,1.42030647218504e-57,0.44535780872569,"Nashville Warbler","Yellow Warbler"
6800,-2.66836237843911,1.26352757604993e-06,0.0668169192903157,0.224945200973787,1.18329400362913e-06,0.277599886818975,-7.02414071330058,2.8989805016496e-12,0.133772719222279,0.231443618939571,1.13113706615722e-12,0.339041894745075,"MacGillivray's Warbler","Yellow Warbler"
6860,0.608446705667899,0.130334240757468,0.00715953468314167,0.0983847169515291,0.00096848585206446,0.129061216348515,-0.580696427676337,0.0841107269447097,0.00932397420526621,0.126924109254191,0.70617552354367,0.127318575089689,"Canada Warbler","Magnolia Warbler"
6570,-10.2204143849863,3.31639200235161e-41,0.36391963259988,0.0729480665573377,7.56783373913236e-36,0.375453710842178,-15.910178756976,5.71427170771829e-32,0.292931684565596,0.0732860913467455,4.46268171076753e-29,0.324846092463989,"Magnolia Warbler","American Redstart"
6540,-5.26357273524015,2.63052061552333e-15,0.170952121047754,0.103127045479339,1.6260997203326e-17,0.280375496793824,-7.88062843312377,2.16075229543456e-33,0.352555552428353,0.0872521633394223,9.15288914188026e-28,0.364436321056261,"Black-throated Blue Warbler","American Redstart"
6840,-7.38729470953041,8.24417692644926e-71,0.374107542903146,0.113407482193641,1.05277103701606e-54,0.382255085416918,-10.791195152225,2.07130601471494e-111,0.525104512716817,0.144968163201782,1.69332209550355e-89,0.530355602209179,"Hooded Warbler","Common Yellowthroat"
6380,0.276957077185859,0.554835731266546,0.00210487097412582,0.269176788290863,0.978713929708927,0.269180009735557,-0.133668620702745,0.475110186747591,0.0030772103788911,0.0524203634578854,0.225949330781654,0.0609839875097902,"Swainson's Warbler","Kentucky Warbler"
6882,19.12971274517,4.91043691087242e-06,0.00933050903544648,0.182192693924536,0.0995464129567868,0.183190304898455,155.201923692879,0.0245055558791948,0.00226936870709434,0.0622545249675326,0.768992048705097,0.0622909184588641,"House Sparrow","Eurasian Tree Sparrow"
7050,-2.01305479871493,5.88977071973324e-22,0.0506278197153585,0.306431477701064,4.03446680700527e-31,0.356903538939797,-3.53866999973851,1.07702028053306e-53,0.12479044011833,0.191205156499453,6.63834931212141e-56,0.296361952982221,"Brown Thrasher","Gray Catbird"
7040,-2.69032854091357,9.62617734036232e-60,0.130746665750719,0.392628555339959,1.94502081079141e-39,0.445587714447977,-6.88790865467377,1.47845021459827e-21,0.0468216078686459,0.194100043622918,1.11642274465796e-05,0.202277426801797,"Gray Catbird","Northern Mockingbird"
7020,-3.82966031623217,8.89961932410526e-09,0.141641681675165,0.085520092524696,2.03057468194733e-09,0.227823818618133,-12.1582287328672,0.00525482013443387,0.0353397115540003,0.0346700143027697,0.00373253509430361,0.0721259277242053,"Sage Thrasher","Northern Mockingbird"
7210,1.65000196848929,0.000261330618227567,0.00705921430121002,0.273799404341478,0.540879882574613,0.27394401561133,2.12177814077498,0.137494960893484,0.00117166109825983,0.0744189852155513,0.281550021160565,0.0749904715436186,"House Wren","Sedge Wren"
7180,-5.29642915060746,4.56167171794071e-195,0.501409578462998,0.465109354831368,1.3667642080946e-71,0.58415934335338,-23.0615934917525,7.01364639258204e-147,0.406800277976845,0.318028333933317,2.45888138498091e-65,0.457705658102384,"Carolina Wren","House Wren"
7190,-1.01202513010086,0.0698266810788282,0.00795623558853947,0.148056888567,0.413334885754319,0.149454782165838,-6.3549243102411,0.000256562487516673,0.0319534235791755,0.192382957934676,0.00522414781446882,0.207694910051645,"Bewick's Wren","Rock Wren"
7150,-2.54922898434791,2.00595759700896e-14,0.116731784886085,0.123882646719451,7.00783629920947e-12,0.207722067116375,-3.26273400036041,2.29913995621042e-08,0.0640770527916333,0.0743493462987502,1.41942061422695e-08,0.135886013518908,"Rock Wren","House Wren"
7222,-6.10183005284215,1.47971424201108e-71,0.543052443657035,0.217552138895287,2.2535061509075e-59,0.592637680532387,-7.82093356674067,4.12647582375614e-37,0.327376098078683,0.0738461149599443,1.40459203974686e-34,0.361454559089158,"Winter Wren","House Wren"
7221,-5.71824665638593,1.49271855414487e-21,0.422653997454633,0.286548592581973,1.47372488268163e-14,0.505274794015934,-19.9674571324812,1.33394678078776e-09,0.199180583163187,0.211311549309226,1.18419551398885e-06,0.318544694075003,NA,"House Wren"
7240,-4.0990903259913,4.5597587746345e-20,0.18496089383016,0.347582787014173,6.39023852437979e-07,0.386089957122428,-8.83114687713155,5.65014807708844e-27,0.245012416675543,0.163194486021687,1.49911198886216e-16,0.292099342840133,"Sedge Wren","House Wren"
7280,-1.50835421359367,0.000355795381715714,0.0144916944874363,0.0421674795638633,0.00109634322715798,0.0538358468918793,-4.5517646045197,3.65611598577887e-08,0.0341195628824574,0.0710657718754239,1.58291265067117e-07,0.0999705369830067,"Red-breasted Nuthatch","Brown Creeper"
7260,0.192044508853647,0.479683729922918,0.000777257445839193,0.0123762825706151,0.342870345240972,0.0137668994688027,-0.455051642227314,0.0372624554596839,0.00672958501188768,0.0232360231394293,0.00592201990868615,0.0347539250811469,"Brown Creeper","Red-breasted Nuthatch"
7270,-0.090446845161793,0.823951085464672,2.78114420290315e-05,0.127394151643887,0.000756926595497405,0.132951612522279,0.41042045197955,0.335698827789326,0.000520678357844324,0.0376503548069413,0.0125679707772791,0.0410206192087141,"White-breasted Nuthatch","Pygmy Nuthatch"
7360,-0.346335724429958,0.382571003043888,0.000909942554806971,0.187545129433851,2.3797094067685e-09,0.221548261895499,-10.9307666772924,3.15124887454325e-24,0.115851305893413,0.0488867695383182,6.18256229125967e-29,0.180964479886515,"Carolina Chickadee","Tufted Titmouse"
7350,-2.98690065697211,7.83015646894454e-06,0.014782594319629,0.32079218204159,0.0742609685409975,0.322408285340929,-8.6724394214578,1.84513467865474e-07,0.020063528152556,0.180871023797146,0.53466590502248,0.181107092365918,"Black-capped Chickadee","Boreal Chickadee"
7310,3.68771581322383,2.17649254214994e-33,0.10010147652924,0.281561511927488,4.07822280490824e-16,0.315438784863175,11.3218056175685,3.6799923981095e-18,0.0534380082927337,0.224810007188962,4.41784813141834e-05,0.234189053427576,"Tufted Titmouse","Carolina Chickadee"
7380,-4.10459487647397,5.84812223051556e-09,0.0974432191636423,0.119515240116366,0.0202735962689665,0.133926461352789,-9.45686200280063,7.62959413021591e-06,0.0588004654405029,0.131159385777392,0.17758753134925,0.135982965964913,"Mountain Chickadee","Juniper Titmouse"
7430,0.357870544032196,0.380052082267756,0.00278285428235028,0.442131671534402,0.00151940442954965,0.462341073676808,-0.68107367715923,0.253192314751554,0.00471074961549121,0.290816295279852,0.594278157618557,0.291554274079977,"Bushtit","Chestnut-backed Chickadee"
7480,-0.318102301898073,0.313045991625025,0.00212920654038806,0.0417387894765165,0.0727935225296829,0.0482309994828661,-2.57721229792002,1.63380697723512e-05,0.0381527168057235,0.0465254090245102,3.75350822181818e-11,0.130653993234966,"Golden-crowned Kinglet","Ruby-crowned Kinglet"
7510,-4.35252721114761,1.78241586182916e-05,0.0123405587608396,0.22957365411764,0.00306133865724574,0.234130337113295,-4.2983396393239,0.0408762901978754,0.00281635413383185,0.168620618623563,0.0555556584413116,0.17067912714184,"Blue-gray Gnatcatcher","Black-tailed Gnatcatcher"
7680,-2.03054599772147,0.000209998328446439,0.0338067702748932,0.110630539061091,0.00164239487819483,0.132641948301602,-7.1389001020775,1.18971112580244e-08,0.0781382207734723,0.0352140998911701,5.03646120653029e-09,0.11508044394669,"Mountain Bluebird","Townsend's Solitaire"
7550,-2.82747734841891,1.57857952351262e-21,0.0610969459217939,0.192782121085105,7.63224291552678e-33,0.26900434817128,-6.4375266042918,1.13997725362612e-23,0.067437737259065,0.161171523457934,4.26224699517317e-53,0.287885783374116,"Wood Thrush","American Robin"
7560,1.06981027790551,0.00754119007133875,0.00921112131799484,0.159625744018214,0.023631980901347,0.165214795534066,-1.88850324284636,0.0332860244620066,0.00585576854277171,0.0367987879111501,0.0751874403630458,0.040763856967122,"Veery","Hermit Thrush"
7590,-0.471459030394455,0.105741711824658,0.0030755852001092,0.0340945392386094,0.204387321574644,0.0359329123585955,-3.70571895976168,0.000948666494956635,0.0127783471451822,0.11538497091047,4.52302410897069e-12,0.164091364178178,"Hermit Thrush","Swainson's Thrush"
7610,-3.65589354104204,1.01143336010313e-68,0.117550183902052,0.308402999787135,4.8591959506475e-98,0.422449152631237,-53.0744575406173,1.04216544366064e-46,0.0804893419427565,0.359045659549423,4.25547685004272e-58,0.423142057016516,"American Robin","Wood Thrush"
7660,-1.03852399855415,3.46987719590898e-06,0.0122770021134233,0.28863540938869,6.99535612918391e-16,0.314779495792246,-7.08320244633711,7.19865982036471e-46,0.109460038864269,0.263416163375876,3.07656108042131e-70,0.38503490780557,"Eastern Bluebird","Wood Thrush"
7580,-4.54410089909318,1.96535279138368e-34,0.238538826238645,0.142480879785301,8.19795203762192e-28,0.311160595790424,-39.3927172236398,1.94148520380074e-43,0.2935800720252,0.258574287660557,7.64807144131022e-24,0.384302207435776,"Swainson's Thrush","Hermit Thrush"
7540,0.0063206371312998,0.988046020022631,7.86267766884736e-07,0.224526663341721,0.170664526175969,0.229680453908643,-1.08784460046504,0.00203711760238572,0.0327807119580205,0.157877317360392,0.0996225101454351,0.165950178464083,"Townsend's Solitaire","Hermit Thrush"
7670,-1.45673586004801,0.00229044235219998,0.0370284711707086,0.304940216397708,0.10660514773341,0.312363455290092,-3.57365320112892,1.46633191882341e-08,0.122088471511064,0.151439493731466,8.68656972171518e-07,0.232028551471185,"Western Bluebird","Hermit Thrush"
