"FocalAOU","ENV","COMP","SHARED","NONE","n","CommonName","migclass","Trophic.Group","Long","Lat","EW","COMPSC","Family","ALPHA.CODE","FocalMass","all_overlap","Focal","FocalArea","prop_overlap","Mean.Temp","Mean.Precip","Mean.Elev","Mean.NDVI"
2881,0.199173278906953,0.000259808137577228,0.00428141900939953,0.79628549394607,204,"Gray Partridge","resid","granivore",-104.8816687,46.7723045,0,0.00130273337001105,"Phasianidae","GRAP",398,1848612.78152006,"Perdix perdix",12802476.9529709,0.144394931411384,49.8039623583814,35.3503283714805,876.519556750441,0.692223723726637
2890,0.188158819232976,8.12508653882937e-06,0.00478501128409078,0.807048044396395,1176,"Northern Bobwhite","resid","herbivore",-91.88500462,34.36484306,1,4.31802013271399e-05,"Odontophoridae","NOBO",178,587906.648412689,"Colinus virginianus",4364436.52932994,0.134703906096888,143.159935828522,84.4294249296417,265.776837908442,0.735208365078839
2940,0.38901822256768,0.018658353055832,-0.00824340347806005,0.600566827854549,207,"California Quail","resid","granivore",-118.4479085,40.42621993,0,0.0457675377283952,"Odontophoridae","CAQU",176,290708.479818363,"Callipepla californica",1542584.17453311,0.188455505130766,105.579364050402,55.0065805768095,755.933404452878,0.596649151456636
3000,0.053791770071469,0.000474341348964687,1.59828692722695e-05,0.945717905710294,537,"Ruffed Grouse","resid","omnivore",-100.5815963,53.50905199,0,0.00874102338547286,"Phasianidae","RUGR",621,5845101.59410426,"Bonasa umbellus",8125106.16244733,0.719387719648414,41.6095268286319,65.4885476914472,571.931877217197,0.862153030541631
3120,0.200629407985611,0.139955073605531,0.170621097682583,0.488794420726275,171,"Band-tailed Pigeon","neotrop","granivore",-108.0677114,32.00472473,0,0.410926161261633,"Columbidae","BTPI",365.25,NA,NA,NA,NA,112.745938676862,106.696723797676,437.117673664062,0.729793631162895
3160,0.242818943377187,0.00907874631889713,0.00551247887734575,0.74258983142657,2556,"Mourning Dove","short","granivore",-98.99357994,39.47157689,0,0.0360414036740499,"Columbidae","MODO",123,2273997.61688874,"Zenaida macroura",11154669.7638702,0.203860595161157,118.340481614062,73.4976462972618,462.086191035339,0.717155011409284
3190,0.0514988763868931,0.338074653279659,0.286568343230489,0.323858127102959,228,"White-winged Dove","short","granivore",-100.8175771,25.6853132,0,0.867807044202997,"Columbidae","WWDO",153,2273997.61688874,"Zenaida asiatica",3014315.25883976,0.754399398078894,201.712238552621,24.6917946690581,549.295090894765,0.31259476255079
3200,0.171252837166061,0.102065696235036,0.0774376678856112,0.649243798713292,165,"Common Ground-Dove","resid","granivore",-79.89578889,20.38810958,1,0.373431303633018,"Columbidae","COGD",30,1706671.66194053,"Columbina passerina",7563890.38462736,0.225634108263801,206.764678961976,92.3840703440826,121.563328017844,0.66966615374373
3870,0.191883255321697,0.039370124110195,0.275219496983165,0.493527123584943,1578,"Yellow-billed Cuckoo","neotrop","insectivore",-83.72309228,29.32155511,1,0.170246697397087,"Cuculidae","YBCU",64,2977148.79993854,"Coccyzus americanus",5273151.51804721,0.564586242164545,145.881482013986,94.01127474824,223.968244714368,0.77071730791316
3880,0.186864694920776,0.0124142737649624,0.0687685337409591,0.731952497573303,912,"Black-billed Cuckoo","neotrop","insectivore",-90.81282689,43.59423778,1,0.0622959554981422,"Cuculidae","BBCU",51,2977148.79993854,"Coccyzus erythropthalmus",5189825.63711032,0.573651025701166,57.455892044195,69.0861472517329,332.10339543336,0.851975647851796
3930,0.0273053444484246,0.000698175424868552,0.0136076487429431,0.958388831383764,1977,"Hairy Woodpecker","resid","insectivore",-89.17505496,40.32879206,1,0.0249317024441059,"Picidae","HAWO",66.25,42953797.6852052,"Leuconotopicus villosus",14067703.7035767,3.05336241011987,79.5895601728249,79.3990274214499,611.508428955753,0.795041411250793
3940,0.321037512228582,0.00429371637083903,0.00524903409187246,0.669419737308707,2211,"Downy Woodpecker","resid","insectivore",-100.6521465,48.08186167,0,0.0131979840648063,"Picidae","DOWO",27,9272306.6665412,"Dryobates pubescens",13113178.40886,0.707098338590155,118.391982985858,91.0710644036886,249.964229436163,0.804815982112806
3960,0.0579486740712271,0.052941599846737,-0.0141917556302527,0.903301481712289,177,"Ladder-backed Woodpecker","resid","insectivore",-86.84738485,14.79858974,1,0.477423294002347,"Picidae","LBWO",30,424331.038738994,"Dryobates scalaris",2959801.46999217,0.143364696261238,168.756167182008,39.8719182834101,959.400634400446,0.39820753734096
4020,0.0212762312357005,0.479070309145283,0.0922294021047112,0.407424057514305,570,"Yellow-bellied Sapsucker","short","insectivore",-94.24031776,53.30443713,1,0.957477009395328,"Picidae","YBSA",50,16973643.7882722,"Sphyrapicus varius",4535158.14502619,3.74267958150205,55.2358873816706,77.5584996721343,383.549559899818,0.893982314414765
4021,0.142357679566686,0.0162625813345808,1.81811071104272e-05,0.841361557991623,240,"Red-naped Sapsucker","short","insectivore",-112.3709322,42.62499777,0,0.102525246410378,"Picidae","RNSA",46,582585.007762987,"Sphyrapicus nuchalis",2080628.74754262,0.280004305646101,38.3318791409926,45.7084146082742,1901.9934086392,0.738189333603866
4060,0.0691159198935413,0.0124164298900425,-0.0121195584410334,0.93058720865745,1161,"Red-headed Woodpecker","short","omnivore",-88.79037348,37.15612842,1,0.152288385199251,"Picidae","RHWO",72,8012904.73039699,"Melanerpes erythrocephalus",5465758.50217251,1.46601880182084,132.678034201442,87.0826288581029,245.945604038834,0.776454128686701
4090,0.0425689145163265,0.292502495553089,0.339634706837481,0.325293883093104,1530,"Red-bellied Woodpecker","resid","insectivore",-88.09959938,36.89208003,1,0.872955694705473,"Picidae","RBWO",67,10353229.5140192,"Melanerpes carolinus",3074161.21629419,3.36782256543453,143.522405701729,96.5676699681179,180.607035190434,0.783714711901711
4120,0.165382003606895,0.0663369538472283,0.00442764069123407,0.763853401854643,1788,"Northern Flicker","resid","insectivore",-87.16350079,38.64625539,1,0.286281945059942,"Picidae","NOFL",132.17,22246813.8202187,"Colaptes auratus",10805319.4189032,2.05887609220505,89.0091548638132,80.8878297183745,314.085903060716,0.829592873019416
4290,0.061908773479315,0.000685748634441846,0.00273568756833934,0.934669790317904,264,"Black-chinned Hummingbird","neotrop","nectarivore",-110.0064848,36.56883494,0,0.0109554096953659,"Trochilidae","BCHU",3.5,359675.417679704,"Archilochus alexandri",2399358.5723709,0.14990482115572,131.35380908982,39.607349953196,1302.26198669012,0.452735151342341
4320,0.31917058619296,0.00918057350514223,0.0695029768184264,0.602145863483471,222,"Broad-tailed Hummingbird","neotrop","nectarivore",-106.760481,32.34901816,0,0.0279596195535998,"Trochilidae","BTLH",4,359675.417679704,"Selasphorus platycercus",696941.808012465,0.516076684659548,41.5672860813824,41.1978746905216,2570.3877103023,0.613500404624222
4330,0.205228874416007,0.00442055343096176,0.164057852994084,0.626292719158947,183,"Rufous Hummingbird","neotrop","nectarivore",-121.9560068,50.67938179,0,0.0210854543051198,"Trochilidae","RUHU",4,717304.555375201,"Selasphorus rufus",1526769.17181692,0.469818600359593,68.9361440531408,137.826398153367,610.356984045394,0.82564128854566
4430,0.0611439473971576,0.101429377916715,0.379041562785512,0.458385111900615,282,"Scissor-tailed Flycatcher","neotrop","insectivore",-98.11447202,33.37344638,1,0.623899263430148,"Tyrannidae","STFL",43,4140185.29136876,"Tyrannus forficatus",1452401.82414455,2.85057841607111,167.663636821957,70.3950035129578,371.31355437422,0.610780560476927
4440,0.0582551544120448,0.26391947974686,0.0704328918860933,0.607392473955002,2037,"Eastern Kingbird","neotrop","insectivore",-96.49350173,45.45243708,1,0.819181436911908,"Tyrannidae","EAKI",44,14676438.9002417,"Tyrannus tyrannus",9143977.98040576,1.60503874043565,100.884433897575,74.9464125440801,377.834043501943,0.785379501145545
4470,0.0527047510500156,0.201272176020013,0.229283398378308,0.516739674551664,858,"Western Kingbird","neotrop","insectivore",-108.3592126,40.65179927,0,0.79248212954603,"Tyrannidae","WEKI",40,17346041.2641422,"Tyrannus verticalis",5134049.75263958,3.37862741887611,113.771133317212,36.408217007,992.867466555884,0.518186192605883
4480,0.224592016838822,0.0602391326919446,0.00536134664822549,0.709807503821008,153,"Cassin's Kingbird","neotrop","insectivore",-105.6139995,28.39932841,0,0.211490677164991,"Tyrannidae","CAKI",46,1072396.98269767,"Tyrannus vociferans",1436464.42306364,0.746553110177626,112.500027452501,32.689823980049,1863.18053229548,0.367260259515675
4520,0.0787782286395698,0.195118480266439,0.0301448461599126,0.695958444934078,1731,"Great Crested Flycatcher","neotrop","insectivore",-88.69156637,40.47408231,1,0.712379791074439,"Tyrannidae","GCFL",34,13941681.1554654,"Myiarchus crinitus",5152020.80468986,2.70606072529334,134.353360340638,93.1192710447945,176.204913613354,0.77910110367578
4540,0.0889900176482019,0.105708021568042,-0.0428903481571567,0.848192308940913,336,"Ash-throated Flycatcher","neotrop","insectivore",-108.9659241,33.85787307,0,0.542933159437913,"Tyrannidae","ATFL",27,3677416.95445027,"Myiarchus cinerascens",3499142.41100039,1.05094806741487,138.94948653833,36.6518026589817,1217.50942893541,0.399468543415595
4560,0.0345865711428852,0.281352128434863,0.0653214159803208,0.618739884441931,1641,"Eastern Phoebe","short","insectivore",-87.20084996,35.05338052,1,0.890527589088927,"Tyrannidae","EAPH",20,29440541.7936376,"Sayornis phoebe",6548604.60848115,4.4956969543571,102.920521415041,88.5125501488927,308.893487231977,0.838451984309959
4570,0.093338397129911,0.0031593879362508,-0.0025741058283383,0.906076320762176,534,"Say's Phoebe","short","insectivore",-115.3711285,48.70139884,0,0.0327405228429298,"Tyrannidae","SAPH",21,6778592.75189856,"Sayornis saya",7567465.471608,0.895754698495927,91.0562105557937,30.2756620780391,1607.3074541197,0.424384184723521
4590,0.116938643417426,0.0192062570320434,0.00417319554168671,0.859681904008843,576,"Olive-sided Flycatcher","neotrop","insectivore",-106.1363264,52.20212542,0,0.141072173607941,"Tyrannidae","OSFL",32,2863231.62954759,"Contopus cooperi",9719737.06825727,0.294579123842592,54.6713482974521,75.5359537316977,1181.51036527353,0.763504114806206
4610,0.0216609395034006,0.205755543968851,0.175106050812769,0.59747746571498,1659,"Eastern Wood-Pewee","neotrop","insectivore",-87.15105605,40.06097272,1,0.904752113071682,"Tyrannidae","EAWP",14,13526380.7885807,"Contopus virens",4084896.927276,3.31131507829765,113.833997907961,89.8905955190338,239.818055287759,0.824001122681551
4620,0.0180699986280499,0.331230128612535,0.09531492871733,0.555384944042085,711,"Western Wood-Pewee","neotrop","insectivore",-112.3213644,44.0537733,0,0.948267987272722,"Tyrannidae","WEWP",13,30853323.2580515,"Contopus sordidulus",6949521.85057158,4.43963252745422,64.296067304289,55.4714938878624,1577.69233293847,0.674497253245875
4640,0.0903934499899807,0.0670611586399971,0.00574626837993475,0.836799122990087,171,"Cordilleran Flycatcher","neotrop","insectivore",-108.8232392,36.98518987,0,0.425907880521887,"Tyrannidae","COFL",10,1891098.35845734,"Empidonax occidentalis",2351031.85131628,0.804369518600337,67.2099816285584,40.1211750857198,2227.24762603401,0.565536246436491
4641,0.0689180064624376,0.148629171207763,0.27738925074533,0.505063571584469,192,"Pacific-slope Flycatcher","neotrop","insectivore",-122.9585642,48.60365632,0,0.683204318251756,"Tyrannidae","PSFL",10,3634906.81002735,"Empidonax difficilis",866210.183883683,4.19633349694657,99.5735031449444,124.490335880726,433.243450237047,0.773090509783226
4650,0.1165552039025,0.161782465044165,0.00227572523351088,0.719386605819825,918,"Acadian Flycatcher","neotrop","insectivore",-88.25699197,36.73572201,1,0.581245311338602,"Tyrannidae","ACFL",13,5612327.74760304,"Empidonax virescens",3006589.71273658,1.86667563047528,130.838775659019,98.6133005957026,224.239124062125,0.817173915772548
4660,0.153331364741433,0.0320834640614929,-0.0152749848277883,0.829860156024863,1191,"Willow Flycatcher","neotrop","insectivore",-102.4444408,42.61092594,0,0.173036128062842,"Tyrannidae","WIFL",13.25,1298200.17191834,"Empidonax traillii",7306864.44299,0.177668572073182,72.1306302908513,78.4088109652086,658.075768721865,0.822766801579953
4670,0.112316548251665,0.261967719414316,0.215114242371312,0.410601489962707,903,"Least Flycatcher","neotrop","insectivore",-99.48598955,52.16586415,0,0.699916459347689,"Tyrannidae","LEFL",10,20421106.5281698,"Empidonax minimus",5781012.31439592,3.53244473763134,42.4649721989066,61.0151419604361,467.903622921414,0.85533614823656
4680,0.180247885911124,0.0713235197087987,0.00774512011069792,0.740683474269379,303,"Hammond's Flycatcher","neotrop","insectivore",-120.4022873,50.10352956,0,0.283512029250873,"Tyrannidae","HAFL",10,2988910.02179469,"Empidonax hammondii",2767705.80079322,1.07992331444262,46.1845849320115,76.9956225303252,1259.43538977147,0.803805662289611
4690,0.0637604209016952,0.0396895014747754,0.0302515778760568,0.866298499747473,321,"Dusky Flycatcher","neotrop","insectivore",-115.0762483,43.94339553,0,0.383659074487644,"Tyrannidae","DUFL",10,2845412.05772765,"Empidonax oberholseri",2740104.09879876,1.0384321015304,52.532392093171,46.8058245710201,1742.72836706602,0.666049651177344
4691,0.0605978297497934,0.000134912219142608,0.000326917902219914,0.938940340128844,135,"Gray Flycatcher","neotrop","insectivore",-112.9449919,39.55080667,0,0.00222140833377182,"Tyrannidae","GRFL",13,1747600.39439029,"Empidonax wrightii",1149345.24522812,1.52051822691747,73.4492874330333,38.5698358714674,1669.32245881422,0.476882199327675
4750,0.241244326389514,0.20176343772908,-0.0462768321341643,0.60326906801557,564,"Black-billed Magpie","resid","omnivore",-110.9461829,49.26823676,0,0.455439958553566,"Corvidae","BBMA",177.5,6178381.37618163,"Pica pica",39269504.0827769,0.157332808765757,39.6834694149526,36.1255669012906,1583.4201663978,0.669916196208552
4770,0.348666237800004,0.033673776147374,0.00801355537936709,0.609646430673255,1872,"Blue Jay","short","omnivore",-96.43775794,53.04165129,1,0.0880728537924065,"Corvidae","BLJA",87,1981907.64937095,"Cyanocitta cristata",6929054.29323788,0.286028592863692,119.211018742697,91.6283186680973,237.592557049411,0.812443094853222
4780,0.128714503932297,0.108834431722118,0.0794225441157753,0.683028520229809,357,"Steller's Jay","resid","omnivore",-112.274993,40.00155086,0,0.458155838174118,"Corvidae","STJA",128,4436597.44211638,"Cyanocitta stelleri",3528926.13251845,1.25720892858422,91.0562083822657,88.4676897349864,1043.6300232698,0.717083539817336
4812,0.117138352296574,0.167794464740954,0.193295121841939,0.521772061120532,108,"Western Scrub-Jay","resid","omnivore",-109.8132447,34.56558907,0,0.588891327034661,"Corvidae","WESJ",96.25,2818293.77110249,"Aphelocoma californica",2324656.99491564,1.21234822051877,132.675807091676,67.6737983464884,454.710810050342,0.662458427140995
4812,0.117138352296574,0.167794464740954,0.193295121841939,0.521772061120532,108,"Western Scrub-Jay","resid","omnivore",-109.8132447,34.56558907,0,0.588891327034661,"Corvidae","WESJ",96.25,2818293.77110249,"Aphelocoma californica",2324656.99491564,1.21234822051877,71.6336257309941,32.9110136452241,1590.57076023392,0.464826533333333
4840,0.072460466910801,0.00201823391280442,0.0289009697314796,0.896620329444915,324,"Gray Jay","resid","omnivore",-101.0574417,57.03968652,0,0.0270981353123276,"Corvidae","GRAJ",73,1934370.60827779,"Perisoreus canadensis",7552266.38251062,0.256131141342864,-11.6737651025348,45.2483462370285,764.619185831095,0.812018921750316
4880,0.14257335071103,0.073087458342597,0.292866147986484,0.491473042959889,2355,"American Crow","short","omnivore",-96.98519799,46.06061471,1,0.338900047084693,"Corvidae","AMCR",458,1088994.8009108,"Corvus brachyrhynchos",11635923.002253,0.0935890346386737,105.445518499019,85.8225493723946,323.194770433,0.810191082178162
4900,0.0969222568334724,0.175848703174286,0.125261125370895,0.601967914621347,558,"Fish Crow","short","omnivore",-84.53801171,33.75969016,1,0.644675309898401,"Corvidae","FICR",274.75,970989.792828716,"Corvus ossifragus",970993.230731752,0.999996459395465,170.278546289362,103.771000541662,53.0248898586344,0.728818859861466
4910,0.0793411294265947,0.00487472762844751,-0.000354340918517905,0.916138483863476,246,"Clark's Nutcracker","resid","omnivore",-113.5178228,42.85694088,0,0.0578837264015666,"Corvidae","CLNU",135.75,834739.951228959,"Nucifraga columbiana",2288046.02130047,0.364826556571844,34.9579691346575,41.8224227441538,2205.40959052104,0.640957276729884
4940,0.13937177271581,0.115596011575443,0.124739140573976,0.62029307513477,906,"Bobolink","neotrop","insct/om",-92.69807937,46.45183822,1,0.453374970084048,"Icteridae","BOBO",28.75,13129065.8488758,"Dolichonyx oryzivorus",3885684.52327677,3.37882959108686,60.421414921431,66.0775569823123,363.622345257406,0.84063075741551
4950,0.162857694343251,0.00851690751359085,-0.0060334442096128,0.834658842352771,2568,"Brown-headed Cowbird","short","insectivore",-100.1721058,41.744123,0,0.0496976064207313,"Icteridae","BHCO",45,41864127.3945434,"Molothrus ater",11258291.2932229,3.71851520840859,97.1256123477294,66.9290399873128,487.211696683321,0.753973385381915
4970,0.155790599515429,0.123780023333573,-0.0451771713824853,0.765606548533484,447,"Yellow-headed Blackbird","neotrop","insectivore",-107.6039972,46.00742704,0,0.442750465239073,"Icteridae","YHBL",64.5,4768929.28232786,"Xanthocephalus xanthocephalus",4771448.66197803,0.999471988524105,52.3223287872058,37.03096349836,731.995665279766,0.760912678101067
4980,0.0628130529017375,0.105893323672623,0.0910261642538893,0.74026745917175,2508,"Red-winged Blackbird","short","insectivore",-101.1606586,53.86131669,0,0.627678252730114,"Icteridae","RWBL",53,48254996.0176101,"Agelaius phoeniceus",13768565.541706,3.50472210568648,97.0104066181881,68.2695172542861,411.23892957394,0.767836956369869
5010,0.127115303365341,0.201089568684767,-0.0543212014984883,0.726116329448381,1638,"Eastern Meadowlark","short","insct/om",-81.12351507,38.57730777,1,0.612695257778094,"Icteridae","EAME",102,14290323.4114222,"Sturnella magna",6441974.70173759,2.21831411532363,130.596612992037,82.9335227659798,338.730564996483,0.745807150605908
5011,0.108301729666623,0.0908924489508326,0.230489958350612,0.570315863031932,1062,"Western Meadowlark","short","insct/om",-106.777263,42.22455657,0,0.456300729176367,"Icteridae","WEME",112,17145795.91122,"Sturnella neglecta",6733307.97728513,2.54641492251082,79.4750298937549,36.7657874551398,1140.36998958944,0.576185757058139
5060,0.145579671720772,0.108987327338876,0.0869842591635245,0.658448741776827,1356,"Orchard Oriole","neotrop","insct/om",-92.83755827,36.6176325,1,0.428128263842003,"Icteridae","OROR",19.5,6901815.79971769,"Icterus spurius",4791104.16111488,1.44054805899099,133.411877149895,90.5781919909168,238.594863879591,0.780879523806767
5070,0.219961536788308,0.0311502896381259,0.0531134292442187,0.695774744329347,1425,"Baltimore Oriole","neotrop","insectivore",-99.71622879,40.7080677,0,0.124049472625105,"Icteridae","BAOR",34.25,39565440.2105671,"Icterus galbula",8610349.93159067,4.5951024667888,89.1171993292613,76.0469520432016,330.846572209292,0.820005062898129
5080,0.124603909581906,0.00303379711604804,-0.00238036658247323,0.874742659884519,546,"Bullock's Oriole","neotrop","insectivore",-109.9489642,37.96233959,0,0.0237688156151795,"Icteridae","BUOR",34.25,18936240.4858226,"Icterus bullockii",3654495.36741894,5.18162935836385,109.748960281908,42.2950607721473,1103.38035505808,0.540325983905373
5100,0.144020857280562,0.121284137593987,0.0325237081128481,0.702171297012603,786,"Brewer's Blackbird","short","insectivore",-110.2630263,46.53335213,0,0.457149846166057,"Icteridae","BRBL",63,27722934.8931701,"Euphagus cyanocephalus",5356129.51379686,5.17592691172955,67.8362388052193,44.4749579368268,1138.02212504269,0.658241468818882
5110,0.202522680173484,0.0459435284026971,0.101461540404644,0.650072251019175,2034,"Common Grackle","short","omnivore",-93.12699833,44.46903322,1,0.184908558254152,"Icteridae","COGR",127,12337719.1682649,"Quiscalus quiscula",8242761.14181462,1.49679445467333,106.574405814402,80.8922751715738,283.152803111138,0.796890457071295
5120,0.0538096110485899,0.115849652579478,0.173241950057707,0.657098786314225,327,"Great-tailed Grackle","resid","omnivore",NA,NA,0,0.682837176715839,"Icteridae","GTGR",NA,NA,NA,NA,NA,188.435364390477,35.5709267588951,489.216754574686,0.395139707875728
5170,0.00931981816091287,0.220927515971811,0.0250740451756769,0.7446786206916,684,"Purple Finch","short","granivore",-97.08660739,51.7743838,1,0.959522579507737,"Fringillidae","PUFI",25,16038300.5243003,"Carpodacus purpureus",4552927.64380169,3.52263461646148,76.7865551732248,91.5410690435301,439.37050427885,0.8177425049427
5180,0.0521739783498118,0.241985406270842,0.0288928029988315,0.676947812380514,270,"Cassin's Finch","short","granivore",-113.864327,42.89605126,0,0.822633643264195,"Fringillidae","CAFI",27,1022461.88808515,"Carpodacus cassinii",1507191.6708933,0.678388759592299,50.7686080757567,48.848196637804,1780.03834760043,0.649289515019296
5190,0.123785120590181,0.060515107136608,-0.0158481813820381,0.831547953655249,2139,"House Finch","short","granivore",-99.85021099,36.69147829,0,0.328350691060007,"Fringillidae","HOFI",21,12300912.411617,"Carpodacus mexicanus",7559356.09992718,1.62724341187412,117.037129130117,65.5434205599389,599.643659314395,0.663726242410521
5210,0.206403884572315,0.0792449404430519,0.0778194307557264,0.636531744228907,417,"Red Crossbill","short","granivore",-83.58192055,43.44592975,1,0.277420852120743,"Fringillidae","RECR",39,14158813.1635931,"Loxia curvirostra",24505165.5768499,0.577788920429452,54.9810836479733,91.6024062998108,1261.51502763749,0.722038552167934
5220,0.350508190590574,0.000434639820608818,0.0934863167511481,0.555570852837669,141,"White-winged Crossbill","short","granivore",-71.77765249,47.49765818,1,0.00123849180819443,"Fringillidae","WWCR",28,14240061.7487656,"Loxia leucoptera",15846855.8610868,0.898604863551081,-29.9647872102655,45.6732384365747,527.584819388025,0.820355836176076
5290,0.226640658498864,0.0417453116923408,0.214987548075965,0.516626481732831,2013,"American Goldfinch","short","granivore",-96.41104244,44.85975904,1,0.15554207868094,"Fringillidae","AMGO",13.25,12115703.9502767,"Carduelis tristis",7821936.55647485,1.54893917418028,84.8584012603839,80.5093088955167,326.458248799721,0.826265739396345
5300,0.158007024421319,0.0533176592438152,0.076524414057748,0.712150902277118,312,"Lesser Goldfinch","short","granivore",-107.0070641,31.47929129,0,0.252302089462974,"Fringillidae","LEGO",10,1871517.90241404,"Carduelis psaltria",3928067.15323746,0.476447532438838,130.827277394046,56.3848977911378,897.305947620975,0.579861066118981
5330,0.136720999299712,0.00738484414104681,0.0035718188378131,0.852322337721428,666,"Pine Siskin","short","granivore",-104.5273878,50.00033271,0,0.0512459728538536,"Fringillidae","PISI",15,1871517.90241405,"Carduelis pinus",8163072.20483679,0.229266366320408,36.6780095817418,62.2376327911734,1715.07531021084,0.722539299993469
5400,0.155513879146905,0.113051304062407,0.101888396006732,0.629546420783955,1122,"Vesper Sparrow","short","insct/om",-101.192708,46.37660914,0,0.42094549528521,"Emberizidae","VESP",27,7304165.1135989,"Pooecetes gramineus",6629775.05818193,1.1017214082678,54.4816061526284,42.8851980158087,1134.03554785096,0.680225381755346
5460,0.179097745361567,0.242369898807629,-0.0640242642196484,0.642556620050452,1293,"Grasshopper Sparrow","neotrop","insct/om",-93.87830937,40.37773975,1,0.575061697287328,"Emberizidae","GRSP",17,5144249.86642719,"Ammodramus savannarum",5217422.36345113,0.985975354892385,108.105133641658,61.5333738421858,534.572443546864,0.685573143321998
5480,0.124745796638998,0.12161485122259,0.150481366608967,0.603157985529444,159,"Le Conte's Sparrow","short","insct/om",-99.84442288,53.04582761,0,0.493645605652558,"Emberizidae","LCSP",13,5704309.34456375,"Ammodramus leconteii",2899312.43378845,1.96746969318863,25.7075688152478,40.6816787500258,593.305006833775,0.833018491452006
5520,0.0684643926476462,0.1450417534853,0.175439674881809,0.611054178985245,903,"Lark Sparrow","neotrop","insct/om",-103.2900547,38.64434515,0,0.679332919039179,"Emberizidae","LASP",29,552734.614947159,"Chondestes grammacus",5633306.05649123,0.0981190457973157,125.914626458532,47.0527744578855,986.497671259875,0.51695477292103
5540,0.33941629142678,0.0162545060184833,-0.00453705982946916,0.648866262384205,327,"White-crowned Sparrow","short","insct/om",-110.6375379,59.26881309,0,0.0457009856733735,"Emberizidae","WCSP",28.12,11878395.4606959,"Zonotrichia leucophrys",7442753.5511471,1.59596786042515,1.09888078555942,56.4316667641648,1165.82741913747,0.774723490316293
5580,0.0536005271435246,0.152568735967202,0.201222980504907,0.592607756384367,399,"White-throated Sparrow","short","insct/om",-91.26839301,54.36905587,1,0.740016885471732,"Emberizidae","WTSP",25.9,41866019.3591195,"Zonotrichia albicollis",5764727.72858605,7.26244522382469,34.9689835182799,73.279434063753,399.484607581855,0.86552260351734
5600,0.140210829131295,0.0951995196354387,0.128375775689441,0.636213875543826,2187,"Chipping Sparrow","neotrop","insct/om",-96.5710521,31.51142141,1,0.404398192917896,"Emberizidae","CHSP",12,69704238.9798427,"Spizella passerina",13395245.5750865,5.20365517669075,89.4091065486272,79.4650162401308,465.183409512255,0.811072785162107
5610,0.0909326016053443,0.128499049337382,0.37441052552674,0.406157823530534,408,"Clay-colored Sparrow","neotrop","insct/om",-103.1540621,51.66009864,0,0.585599428274462,"Emberizidae","CCSP",12,24353571.0396097,"Spizella pallida",3241082.69898326,7.51402333771042,31.2659306248335,41.1038038788474,569.937683740071,0.822770759984568
5620,0.0644590252216688,0.105795918075791,-0.00296788914216388,0.832712945844704,327,"Brewer's Sparrow","neotrop","insct/om",NA,NA,0,0.621397041558731,"Emberizidae","BRSP",NA,NA,NA,NA,NA,54.6616846598937,30.8528884821201,1832.43261551701,0.489847205405182
5630,0.111598061121587,0.124455867944547,0.0925201642699482,0.671425906663917,1422,"Field Sparrow","short","insct/om",-89.72397299,39.32832843,1,0.527234892623537,"Emberizidae","FISP",13,19103605.1823221,"Spizella pusilla",4039050.36773231,4.72972690188255,119.945916467216,88.9440157258944,293.064819940696,0.807601535451683
5730,0.373136147162515,0.0717713935455709,0.0136512704158403,0.541441188876074,210,"Black-throated Sparrow","short","insct/om",-108.2829355,32.23135203,0,0.161317547981642,"Emberizidae","BTSP",14,1145846.81984181,"Amphispiza bilineata",2452623.02669974,0.467192392539698,148.324505564049,24.9780818220868,1318.20114057863,0.257161273160898
5780,0.101580211178318,0.289276588470784,0.177564976604394,0.431578223746504,204,"Cassin's Sparrow","short","insct/om",-103.3247241,31.83414909,0,0.740108880619415,"Emberizidae","CASP",19,8756336.6370522,"Peucaea cassinii",2032485.03261208,4.3081924326886,138.826259898802,33.7629383246639,1253.46687723099,0.377328052214546
5810,0.060370049318534,0.183005612919604,0.195947799212104,0.560676538549757,1893,"Song Sparrow","short","insct/om",-102.078522,48.37799185,0,0.751947056811855,"Emberizidae","SOSP",21.33,94057916.3949906,"Melospiza melodia",10467092.5338424,8.98605950896878,78.8298139185958,80.2135018010977,393.860155095548,0.833479780812864
5840,0.0746778341875793,0.02072713150713,0.0157052547884122,0.888889779516879,624,"Swamp Sparrow","short","insct/om",-90.10416394,51.74931367,1,0.217254221058636,"Emberizidae","SWSP",17,9041901.16568834,"Melospiza georgiana",6095604.66530068,1.48334770087035,53.9193745417517,71.8370358707925,324.357505574527,0.866207747828825
5850,0.126238160635323,0.0312172034080594,0.0305440243126117,0.812000611644006,249,"Fox Sparrow","short","insct/om",-115.0350793,58.19774317,0,0.198260653726972,"Emberizidae","FOSP",32,10823249.9801125,"Passerella iliaca",7594105.57569288,1.42521721251222,14.9492479211542,76.3655053909868,865.790012826804,0.714213109260609
5870,0.230159477800767,0.0829205386450331,0.0803173024219116,0.606602681132288,1428,"Eastern Towhee","short","insct/om",-99.01360879,40.8156397,0,0.264854140441085,"Emberizidae","EATO",42,26870241.3587698,"Pipilo erythrophthalmus",6827908.14258934,3.93535484040355,137.00560480138,101.348838495821,248.054099275259,0.811908091395936
5880,0.0727563273001061,0.0835780661262608,-0.00681253918032072,0.850478145753954,513,"Spotted Towhee","short","insct/om",-111.1116447,41.08915792,0,0.534610870292121,"Emberizidae","SPTO",42,1558429.8253636,"Pipilo maculatus",3662633.88628235,0.425494295567019,89.301670275033,62.4200363067896,1196.22355052531,0.635720902095893
5900,0.0366411449591803,0.234504533147863,0.0110069879587913,0.717847333934165,264,"Green-tailed Towhee","neotrop","insct/om",-112.3244769,39.77282899,0,0.864865465623557,"Emberizidae","GTTO",29,1558429.8253636,"Pipilo chlorurus",1742818.0859202,0.894201086133873,50.6018762126056,40.767721771214,2190.44637153677,0.599344690474159
5930,0.258981715766551,0.154214755542683,0.0379027934754071,0.548900735215359,1677,"Northern Cardinal","resid","insct/om",-93.23584073,34.80336765,1,0.373223796064971,"Cardinalidae","NOCA",47.25,9471964.26801572,"Cardinalis cardinalis",5851611.19601087,1.61869337362552,142.495691530225,94.3848484076982,200.341650903867,0.775995534040518
5950,0.236152205821089,0.0880550706745766,-0.0345324262636966,0.710325149768031,1053,"Rose-breasted Grosbeak","neotrop","insectivore",-93.61998242,47.34020211,1,0.271601154750004,"Cardinalidae","RBGR",46,4155688.22286713,"Pheucticus ludovicianus",4030482.15045463,1.03106478771985,66.2684655680256,73.0347845684264,339.229929680527,0.86734352270037
5960,0.0950567636020503,0.138336892084069,0.0200758029896254,0.746530541324255,555,"Black-headed Grosbeak","neotrop","insectivore",-109.1310033,38.46371499,0,0.592719162298533,"Cardinalidae","BHGR",42.5,5103949.95599542,"Pheucticus melanocephalus",4564228.22041887,1.1182503830904,92.4676431628005,76.6346842141861,1132.89114247472,0.696165649703459
5970,0.302917387712826,0.020509759265016,-0.0203431613555297,0.696916014377688,1128,"Blue Grosbeak","neotrop","insectivore",-98.39442108,33.77068122,1,0.0634138459206739,"Cardinalidae","BLGR",28.5,15204187.5353129,"Passerina caerulea",5299068.78344072,2.86921875459045,149.169982792116,90.7804496208129,297.849005126477,0.719192339707102
5980,0.285774684817595,0.0989092276597481,0.15684817475578,0.458467912766876,1698,"Indigo Bunting","neotrop","insct/om",-92.60470444,39.21087168,1,0.257118180541469,"Cardinalidae","INBU",15,8258842.4842814,"Passerina cyanea",5874094.70914915,1.40597707275947,124.139269970742,94.5117608787203,238.164750641473,0.818286254809953
5990,0.13549499116821,0.00405455139122257,-0.00389118882603419,0.864341646266602,420,"Lazuli Bunting","neotrop","insct/om",NA,NA,0,0.0290545659760639,"Cardinalidae","LAZB",NA,NA,NA,NA,NA,71.847981239253,56.7465019338073,1356.97905817352,0.706553723459105
6010,0.0855394432325906,0.142556678457414,0.222384573628687,0.549519304681309,240,"Painted Bunting","neotrop","insct/om",-97.22078346,32.27761552,1,0.624985104530433,"Cardinalidae","PABU",16,3603682.81054195,"Passerina ciris",1410969.55593354,2.55404717655842,182.310152991827,72.7219026152043,307.957142238427,0.612568167087075
6040,0.343352728729878,0.170924180891054,-0.0389022489163597,0.524625339295428,882,"Dickcissel","neotrop","insct/om",-94.42699395,39.75786149,1,0.332358263988637,"Cardinalidae","DICK",29,11759365.0555903,"Spiza americana",3461994.41005588,3.3967024965244,127.503450594274,74.7840843469518,332.593846594723,0.732242502010476
6050,0.126295194789689,0.305168247046463,0.321828855119822,0.246707703044026,210,"Lark Bunting","neotrop","insct/om",-103.345485,43.2058067,0,0.707286452237477,"Emberizidae","LARB",38,2236577.02888315,"Calamospiza melanocorys",1660954.01252565,1.34656168203129,82.8797508121033,32.0650130830268,1314.65887371078,0.502544589319015
6070,0.137321525225895,0.00439482307139827,0.022971887216959,0.835311764485747,528,"Western Tanager","neotrop","insectivore",-114.8554686,47.7669958,0,0.0310114049945654,"Thraupidae","WETA",28,279059.526282798,"Piranga ludoviciana",4022487.86198668,0.0693748585098209,69.0083940817039,73.2859468542661,1419.12294882984,0.726569619792031
6080,0.120697215939733,0.0251848062515901,0.0118217373964421,0.842296240412235,1194,"Scarlet Tanager","neotrop","insectivore",-85.07489311,41.70992541,1,0.172638176200769,"Thraupidae","SCTA",29,1111204.62980099,"Piranga olivacea",2607433.07710493,0.426168034592388,97.0475630015738,90.10906705218,348.559774331961,0.860323117832205
6100,0.299965085567775,0.000927618355237692,0.0302499168981512,0.668857379178836,798,"Summer Tanager","neotrop","insectivore",-94.240753,33.76118106,1,0.003082887498246,"Thraupidae","SUTA",28,543756.496192416,"Piranga rubra",3269552.41740284,0.166309153906866,158.118814069776,101.420924631134,192.796811995283,0.775470228963338
6120,0.0133318654478823,0.341226449247273,0.0248268256527149,0.62061485965213,1770,"Cliff Swallow","neotrop","insectivore",-95.49298245,50.20935302,1,0.96239866646663,"Hirundinidae","CLSW",22,41805898.6634707,"Petrochelidon pyrrhonota",12213969.6120951,3.42279373464886,106.596028241401,52.7655024918922,748.905586901359,0.648867598099173
6130,0.186409066773018,0.0220475712029163,0.0997174981780671,0.691825863845998,2466,"Barn Swallow","neotrop","insectivore",-96.14967314,55.229607,1,0.105765743019714,"Hirundinidae","BARS",17.5,65652766.8999123,"Hirundo rustica",52168253.9103607,1.25848120224077,107.042914597642,80.7665575589342,384.545663607754,0.781836323103472
6140,0.173467488828681,0.0663723181137255,0.0534630420286002,0.706697151028993,1977,"Tree Swallow","short","insectivore",-102.2405316,52.57733147,0,0.27673603877468,"Hirundinidae","TRES",20,36392904.3225052,"Tachycineta bicolor",12033933.1520744,3.02419033433237,64.3981396909941,69.7022002432996,633.756056209021,0.812677148453261
6150,0.133195480224024,0.0760887749762586,0.0439837216389312,0.746732023160786,579,"Violet-green Swallow","neotrop","insectivore",-115.1519154,44.11768261,0,0.363566647206415,"Hirundinidae","VGSW",14,8750231.69397148,"Tachycineta thalassina",6110195.55754842,1.43207064513043,63.7878566669528,67.34765651498,1510.70624550703,0.680510624880231
6160,0.0652029043867475,0.112456196967994,-0.0184717810784661,0.840812679723725,843,"Bank Swallow","neotrop","insectivore",-93.42022529,39.7608268,1,0.632988662615413,"Hirundinidae","BANS",15,17414583.1827147,"Riparia riparia",36808138.5529615,0.473117736113107,60.2362736311777,52.2049881863182,653.378063517782,0.759084350880514
6170,0.0753235515599856,0.00142151749227698,-0.00135168540637447,0.924606616354112,1986,"Northern Rough-winged Swallow","neotrop","insectivore",-100.0498416,41.14835092,0,0.0185225905694207,"Hirundinidae","NRWS",16,31400115.6145301,"Stelgidopteryx serripennis",10005664.6583418,3.13823385919211,107.56356785372,76.0933201495351,576.770740601959,0.752246552296138
6190,0.241631334305736,0,0,0.758368665694264,1695,"Cedar Waxwing","short","insct/om",-97.51646638,48.65486863,1,0,"Bombycillidae","CEDW",32.5,1465818.76558165,"Bombycilla cedrorum",7642253.85403144,0.191804511284116,76.58012391759,82.9585550883002,365.355278288847,0.84400282822822
6220,0.0825351946918896,0,0,0.91746480530811,906,"Loggerhead Shrike","short","insectivore",NA,NA,0,0,"Laniidae","LOSH",NA,NA,NA,NA,NA,147.359159660923,58.5450685001964,757.67958898807,0.523535280775783
6240,0.0755135613334058,0.342171476710318,0.0615050185175893,0.520809943438687,1869,"Red-eyed Vireo","neotrop","insectivore",-94.68245625,45.4945474,1,0.819209321724613,"Vireonidae","REVI",15.5,19254741.5216857,"Vireo olivaceus",12016843.3378712,1.60231276886204,82.7572103797264,84.6804689152864,345.259006220331,0.858991055830577
6270,0.116973301382495,0.157289739214028,0.0130471978871308,0.712689761516346,1686,"Warbling Vireo","neotrop","insectivore",-101.4429632,43.7429804,0,0.573499582269351,"Vireonidae","WAVI",15,18801113.9593195,"Vireo gilvus",8830552.48599025,2.12909826300763,65.5020802476943,67.8520408984859,1079.34050822099,0.759154875993966
6280,0.0292673528071698,0.014411004812359,0.00748936705876997,0.948832275321701,1209,"Yellow-throated Vireo","neotrop","insectivore",-86.53152059,38.76950109,1,0.32993467698327,"Vireonidae","YTVI",18,9478665.49461898,"Vireo flavifrons",3168270.54089186,2.99174750775884,126.0864811029,95.1023424356717,229.073019531375,0.830434941704137
6290,0.0353007555111148,0.167436067732904,-0.0208739156323887,0.81813709238837,612,"Blue-headed Vireo","neotrop","insectivore",-89.80650978,51.39366762,1,0.825878915599729,"Vireonidae","BHVI",17,7381999.37388797,"Vireo solitarius",3376033.95659494,2.18658919572404,67.6352775022252,89.7770577812131,459.746605635466,0.8826647110602
6291,0.223862105852938,0.0276074759059146,0.0830108640067275,0.66551955423442,207,"Plumbeous Vireo","neotrop","insectivore",-108.0346247,33.84114348,0,0.109784554111156,"Vireonidae","PLVI",17,1179854.89611946,"Vireo plumbeus",1299919.83131205,0.907636661661354,74.7228215413752,77.0214264344635,1132.23123084253,0.792114544432102
6292,0.171600693002661,0.00582506678216982,0.0391463485346293,0.78342789168054,180,"Cassin's Vireo","neotrop","insectivore",-119.5863361,44.9436366,0,0.0328310093710972,"Vireonidae","CAVI",17,854947.496699974,"Vireo cassinii",1036899.59231062,0.82452293649264,81.9093549190992,34.0184590283234,2107.25799267611,0.458019792828559
6310,0.152075685435841,0.0518788321675389,0.231272417651516,0.564773064745104,912,"White-eyed Vireo","neotrop","insectivore",-89.1632195,34.74751548,1,0.254364712177766,"Vireonidae","WEVI",11,8572405.17300726,"Vireo griseus",3040750.73847177,2.81917391798961,168.084259562442,105.614640906153,128.071149258308,0.775093015643267
6330,0.257615078347718,0.000301650601973791,0.0513700315739726,0.690713239476335,348,"Bell's Vireo","neotrop","insectivore",-100.2379633,34.69690596,0,0.00116956586415389,"Vireonidae","BEVI",9,2550827.92581803,"Vireo bellii",2636542.06466996,0.967489940706611,167.358493820686,53.8002979439063,633.1414436857,0.530858352486313
6360,0.0548817960696073,0.000431292684069967,0.00859597061184892,0.936090940634474,993,"Black-and-white Warbler","neotrop","insectivore",-80.29939736,48.06841713,1,0.00779729886339596,"Parulidae","BAWW",11,4065583.67495745,"Mniotilta varia",5404732.40195432,0.752226636324744,75.9838226970975,84.3593088471022,322.246494793412,0.864586905261397
6370,0.294567458451096,0.0434399896078299,-0.0428811504514405,0.704873702392514,405,"Prothonotary Warbler","neotrop","insectivore",-88.34150783,36.30448666,1,0.128517847335295,"Parulidae","PROW",15.75,3927861.30172167,"Protonotaria citrea",2227814.66884559,1.76310056516371,164.140830668722,108.714995936924,49.3888939356035,0.755104089732839
6380,0.257651973528447,0.000609508900767886,0.0115248147624159,0.730213702808369,168,"Swainson's Warbler","neotrop","insectivore",-87.81893706,33.48181407,1,0.00236004569878105,"Parulidae","SWWA",19,2288213.35954285,"Limnothlypis swainsonii",1142684.10592155,2.00248988122352,171.437234419608,114.851583317895,110.416564333708,0.791461248177336
6390,0.0357217542182867,0.0986676355480941,0.0240296944380737,0.841580915795545,453,"Worm-eating Warbler","neotrop","insectivore",-85.99506794,36.42833232,1,0.734192154005725,"Parulidae","WEWA",13,9472671.71018379,"Helmitheros vermivorum",1754212.46454789,5.39995690466443,126.460875510105,97.6626369689009,271.219262328816,0.823546924823548
6410,0.0775719669880997,0.0109216618760136,-0.00360667077723238,0.915113041913119,498,"Blue-winged Warbler","neotrop","insectivore",-85.94866945,39.98619955,1,0.123417493623009,"Parulidae","BWWA",8,8070508.23844103,"Vermivora cyanoptera",1784803.48893932,4.52179093578375,98.0201605519243,88.7702325741246,300.522034808698,0.861243025132821
6450,0.165023729424759,0.458460280603869,-0.12903595336196,0.505551943333333,468,"Nashville Warbler","neotrop","insectivore",-88.40761316,48.77880553,1,0.735320029430777,"Parulidae","NAWA",9,25016297.1181112,"Vermivora ruficapilla",2791025.83495612,8.96311915310684,48.1020431980324,72.2048720714119,595.257472320226,0.854399811682475
6460,0.191654817952854,0.0976135074273718,0.0261741119984637,0.68455756262131,444,"Orange-crowned Warbler","neotrop","insectivore",-112.6035395,55.35478545,0,0.337449692423339,"Parulidae","OCWA",9,44373190.1689841,"Vermivora celata",7846143.64808195,5.65541394081301,36.0533164205254,78.9842787495824,635.662137999264,0.7436038963663
6480,0.0725579172919696,0.0939996989428192,-0.0145642717497291,0.84800665551494,1134,"Northern Parula","neotrop","insectivore",-84.78002859,39.60775671,1,0.56436746074891,"Parulidae","NOPA",9,42881641.6884971,"Parula americana",3366089.02404895,12.7393070658946,130.904065980482,100.661036077335,199.069762335099,0.808799435144098
6520,0.183666776282346,0.0743082142366741,0.0105301138939598,0.73149489558702,1962,"Yellow Warbler","neotrop","insectivore",-90.18842108,41.64905928,1,0.288044256100846,"Parulidae","YWAR",11.5,127200285.786098,"Dendroica petechia",15523411.5295267,8.19409351766225,56.7118214958308,64.4832107474332,731.993281283117,0.793329658825643
6540,0.115308309599019,0.149935749166505,-0.0121812641196792,0.746937205354156,336,"Black-throated Blue Warbler","neotrop","insectivore",-76.92698085,44.86052814,1,0.565274675196584,"Parulidae","BTBW",10.75,3146800.80759249,"Dendroica caerulescens",1147825.66562742,2.74153201294066,69.6062992299385,94.8342911117406,465.513107287002,0.892749190896502
6570,0.0320494667258207,0.274201996988105,0.040898599831517,0.652849936454558,402,"Magnolia Warbler","neotrop","insectivore",-91.75153772,52.64156432,1,0.895349180254829,"Parulidae","MAWA",9.5,6455032.37324634,"Dendroica magnolia",3723833.14858863,1.73343759391928,43.9728374998788,83.6315791531999,411.290368411304,0.867124976044086
6590,0.0914816176184319,0.227790984706899,0.230656847615134,0.450070550059536,651,"Chestnut-sided Warbler","neotrop","insct/om",-82.8254295,47.56134375,1,0.713468625393624,"Parulidae","CSWA",9.75,42893642.1851057,"Dendroica pensylvanica",2441176.29908873,17.5708908042068,54.9740388538162,79.2691140779334,375.04178213441,0.891043856461915
6620,0.125735060728183,0.276205756644502,-0.0220410906031417,0.620100273230456,399,"Blackburnian Warbler","neotrop","insct/om",-81.5495005,47.15935102,1,0.687180163611998,"Parulidae","BLBW",10,19041237.0849357,"Dendroica fusca",2046866.85865663,9.30262611092966,55.7380276171299,83.9391056403799,431.16260887373,0.890862773084918
6630,0.117210741960796,0.0562848750178745,-0.016239516129415,0.842743899150744,531,"Yellow-throated Warbler","neotrop","insectivore",-87.15521213,35.33599476,1,0.324416697078833,"Parulidae","YTWA",9,4028063.61365128,"Dendroica dominica",1928938.51856388,2.08822809793348,142.799647699683,104.803726834731,230.652987942011,0.8138374391577
6650,0.0879976456676403,0.0863361607650793,-0.014672289104584,0.840338482671865,231,"Black-throated Gray Warbler","neotrop","insectivore",-114.6805499,39.84374424,0,0.495234759865115,"Parulidae","BTYW",8.5,2565199.1673725,"Dendroica nigrescens",1798857.25760877,1.42601596459212,89.1811971492815,104.001985459075,1052.43737890009,0.717650140059881
6670,0.0311419282133756,0.396801008770777,0.0236368657885411,0.548420197227307,573,"Black-throated Green Warbler","neotrop","insectivore",-83.09036331,49.41248287,1,0.927228783274605,"Parulidae","BTNW",9,52508225.2669284,"Dendroica virens",3323344.54537512,15.7998138772583,63.9516755891576,85.6552564016715,394.111770839163,0.872460837264712
6710,0.0191396246291232,0.267806712576332,0.0922227439369629,0.620830918857582,915,"Pine Warbler","short","insct/om",-83.61550402,38.05201207,1,0.933298940786203,"Parulidae","PIWA",12,28686311.6369591,"Dendroica pinus",2077585.70678404,13.807522617858,144.971180595602,101.649030495454,154.292950504917,0.798326915763376
6730,0.0805464334921591,0.0888716931462298,0.100854557742652,0.729727315618959,690,"Prairie Warbler","neotrop","insectivore",-84.45022544,35.61712422,1,0.524570156155251,"Parulidae","PRAW",8.25,18013334.6966956,"Dendroica discolor",1647483.80263172,10.9338463103071,145.860512905394,105.102752593252,168.92196839793,0.807980296617708
6740,0.0172830709395034,0.289550814831514,0.0714674695352512,0.621698644693731,1146,"Ovenbird","neotrop","insectivore",-66.12478357,48.79722903,1,0.943672874017567,"Parulidae","OVEN",19,58205187.7248463,"Seiurus aurocapilla",5560914.94524943,10.4668365364174,70.4584200082365,81.3163354994209,343.081889103279,0.870299102724994
6760,0.112593722714495,0.00636346915201876,0.000636294701392611,0.880406513432094,681,"Louisiana Waterthrush","neotrop","insectivore",-86.1896586,37.78669429,1,0.0534937741230429,"Parulidae","LOWA",21,4842257.02021848,"Parkesia motacilla",2411617.91812905,2.00788731242101,120.204636990656,97.1932173516882,312.646068979732,0.839315393737067
6770,0.132603434219828,0.00872199316671712,0.0583925786284829,0.800281993984972,672,"Kentucky Warbler","neotrop","insectivore",-86.67459012,36.26318092,1,0.0617156680719688,"Parulidae","KEWA",14,4174038.35075525,"Oporornis formosus",1970059.23328642,2.11873748780243,143.856308289606,104.718796081396,213.008433586947,0.821272994887229
6790,0.129660321898573,0.213324653919554,0.198172571571852,0.458842452610021,426,"Mourning Warbler","neotrop","insectivore",-87.24267614,50.47174987,1,0.621965010014527,"Parulidae","MOWA",12.75,24720811.6092331,"Oporornis philadelphia",2728129.13802747,9.0614521375286,40.0184187684888,66.6074433704884,366.160699702922,0.866613333684664
6800,0.174179867702018,0.0897456385585658,0.050765333271769,0.685309160467647,342,"MacGillivray's Warbler","neotrop","insectivore",-117.1346291,46.97589439,0,0.340041551232098,"Parulidae","MGWA",10,10693414.7536858,"Oporornis tolmiei",2852799.2724867,3.74839367663068,53.9934150861517,69.5740364881676,1496.79376983248,0.770214874810148
6810,0.308822777699034,0.0126940964747755,0.0388843975431896,0.639598728283001,2256,"Common Yellowthroat","neotrop","insectivore",-82.67955431,36.50908497,1,0.0394818981348803,"Parulidae","COYE",10.58,119052062.565931,"Geothlypis trichas",12866759.2375821,9.25268440697915,87.6215188020611,81.4056263202548,319.943144348147,0.836001843302335
6830,0.283106144324659,0.000701855408116014,0.0253486344930659,0.690843365774159,1182,"Yellow-breasted Chat","neotrop","insct/om",NA,NA,0,0.00247299374498556,"Parulidae","YBCH",NA,NA,NA,NA,NA,151.397913365098,99.8771821648733,268.914140213365,0.774261986433833
6840,0.0703787898306414,0.21449434466319,0.0430286923629993,0.67209817314317,678,"Hooded Warbler","neotrop","insectivore",-85.50920954,36.00377252,1,0.752946904046631,"Parulidae","HOWA",10.75,3451532.35903666,"Wilsonia citrina",2009439.59827428,1.7176591732346,141.666439142293,106.338713666774,263.886426525025,0.826770127458586
6850,0.0386469942212569,0.26041728557979,0.0320702905703655,0.668865429628588,447,"Wilson's Warbler","neotrop","insectivore",-106.6034473,58.61291086,0,0.870773620149598,"Parulidae","WIWA",7.5,65383336.9909842,"Wilsonia pusilla",7993254.4402918,8.17981430209513,41.3853031766991,101.20074062665,700.297454358991,0.746626072791361
6860,0.101775131571509,0.00400858063294714,-0.00339041461997976,0.897606702415524,321,"Canada Warbler","neotrop","insectivore",-85.58542587,50.11411084,1,0.0378941195143488,"Parulidae","CAWA",11,5804147.31242623,"Wilsonia canadensis",2778071.50937011,2.08927210579336,59.443630220856,84.4241504481112,470.371469280248,0.87638234838666
6870,0.156085450494863,0.000722413754974449,0.066314023906091,0.776878111844072,1140,"American Redstart","neotrop","insectivore",-77.54148303,48.3978366,1,0.00460699951772476,"Parulidae","AMRE",9,11105586.3828311,"Setophaga ruticilla",7468329.47625173,1.48702416225012,62.0070858366964,80.7084820821288,394.304252445543,0.863405343603263
6882,0.173859795863008,0.000997610973918955,0.00833289806152752,0.816809695101545,2229,"House Sparrow","resid","insct/om",-77.44637353,36.30553771,1,0.00570528290431146,"Passeridae","HOSP",27.75,25039127.035697,"Passer domesticus",65269402.7248388,0.383627335173517,103.7183009253,72.2150233791978,408.317952751918,0.761282675056274
7020,0.0861862366252025,0.142329715416948,-0.000666144100506499,0.772150192058356,219,"Sage Thrasher","short","insectivore",-111.9406454,42.60987779,0,0.622843675222703,"Mimidae","SATH",43.5,2193869.49463289,"Oreoscoptes montanus",1997217.99378416,1.09846271236328,58.5536585396392,28.2800556210954,1810.50256734777,0.436172656964709
7030,0.120765108038781,0.119859474495056,0.321311017064408,0.438064400401755,1614,"Northern Mockingbird","resid","insectivore",-98.76015229,37.95755311,0,0.498118160800137,"Mimidae","NOMO",49,22327904.65755,"Mimus polyglottos",10150915.5226004,2.19959516044029,155.993445061417,84.0988959602292,409.003135300632,0.666392343534071
7040,0.273421103591026,0.0796146254821622,0.119207451748933,0.527756819177879,1899,"Gray Catbird","neotrop","insct/om",-94.4585613,42.82362332,1,0.225514357119523,"Mimidae","GRCA",37,12566011.7265912,"Dumetella carolinensis",6834017.9292553,1.83874433117861,91.4674732773148,84.6327327756446,317.964207215018,0.839868594697672
7050,0.310131323828855,0.0427722591511359,-0.00369984612779054,0.6507962631478,1788,"Brown Thrasher","short","omnivore",-92.10086808,41.5463572,1,0.121200977303654,"Mimidae","BRTH",69,10875904.9771455,"Toxostoma rufum",5693489.6508236,1.91023531158473,121.103002734065,87.9491990077936,262.067528685634,0.79907346821419
7150,0.0813360152627626,0.0732608177559187,0.0425466314566885,0.80285653552463,474,"Rock Wren","short","insectivore",-107.972073,36.49118615,0,0.473883043561869,"Troglodytidae","ROWR",17,6021603.72017427,"Salpinctes obsoletus",5440177.15518731,1.10687640280842,74.5534941754249,29.6780149447629,1767.95059037534,0.439819545924715
7180,0.0168932928825875,0.14510245355737,0.44821606194878,0.389788191611263,1278,"Carolina Wren","resid","insectivore",-88.51392018,34.34245151,1,0.895717676211648,"Troglodytidae","CARW",19,3817763.72680646,"Thryothorus ludovicianus",3214612.3169162,1.18762804046893,155.267665415401,102.846030821821,153.040071577046,0.777381988030512
7190,0.098923979834241,0.120834446043918,0.0491329087327587,0.731108665389082,414,"Bewick's Wren","short","insectivore",-105.5389866,33.29145929,0,0.549851253989745,"Troglodytidae","BEWR",10,4222570.13456567,"Thryomanes bewickii",3287758.30180126,1.28433106906072,146.396706189836,54.7369651706663,908.952756393877,0.515218908376912
7210,0.0724649658551142,0.184196166217304,0.201334438486363,0.542004429441218,1884,"House Wren","neotrop","insectivore",-99.58754407,39.95958024,0,0.717662876065442,"Troglodytidae","HOWR",10.5,22672679.5276728,"Troglodytes aedon",25719848.0149151,0.881524630881364,77.4729381854818,67.732204319778,575.152799527145,0.797679004288894
7221,0.0735029478994336,0.208595121753576,0.21304564468254,0.50485628566445,168,"Pacific Wren","short","insectivore",-122.9843288,51.08346344,0,0.739441861513464,"Troglodytidae","PAWR",10,1390140.54489566,"Troglodytes pacificus",1829733.00143087,0.759750490267462,76.4493311148136,149.492691321628,492.889471453826,0.803934721732311
7222,0.0740243604135493,0.386109409304736,0.143527778481738,0.396338451799977,411,"Winter Wren","short","insectivore",-85.0659619,50.46738033,1,0.839124260627794,"Troglodytidae","WIWR",10,3407460.38022589,"Troglodytes hiemalis",3367027.89710024,1.01200836000215,41.5478809284361,82.5553329478487,402.50715572085,0.878289888045315
7240,0.154160288939785,0.186119635021773,0.193422498074388,0.466297577964054,414,"Sedge Wren","short","insectivore",-92.44719179,42.36151241,1,0.546960375607699,"Troglodytidae","SEWR",9,7364265.45340568,"Cistothorus platensis",6659425.84947761,1.10584089677691,49.7963549018621,55.1031579181731,389.399495897872,0.862461307734564
7260,0.00770016380388996,0.0988808219809122,0.00467611876672512,0.888742895448473,645,"Brown Creeper","short","insectivore",-96.00794415,41.77900693,1,0.927752931283284,"Certhiidae","BRCR",8,5102508.15251956,"Certhia americana",6558694.05037419,0.777976242424122,81.5704020807218,93.1845092112676,775.8739282225,0.778095921569325
7270,0.0707816098361894,0.00480355463595389,0.0566125418076971,0.86780229372016,1782,"White-breasted Nuthatch","resid","insectivore",-99.02557571,40.62683172,0,0.0635515536613567,"Sittidae","WBNU",21,1792711.91919943,"Sitta carolinensis",8907651.88784743,0.201255273754602,100.070414974495,81.3229587393357,459.709739256455,0.801794013811958
7280,0.0245709832827425,0.216224119386279,0.0175964962811208,0.741608401049857,876,"Red-breasted Nuthatch","short","insectivore",-102.4266541,50.64648293,0,0.897958957593436,"Sittidae","RBNU",10,5102508.15251956,"Sitta canadensis",7561000.65121736,0.674845617385052,58.4800942098554,75.2684221125481,1007.68559389861,0.80749205077623
7290,0.125838075691065,0.0497238949150942,-0.0200250825104793,0.84446311190432,300,"Brown-headed Nuthatch","resid","insectivore",-86.05318702,32.60810722,1,0.283227026578783,"Sittidae","BHNU",10,5403.6442174811,"Sitta pusilla",941377.002920283,0.00574014895277688,167.50664771954,110.54249279903,100.791310068373,0.763675375577897
7310,0.115565484575594,0.089228865765915,0.165996027351895,0.629209622306597,1377,"Tufted Titmouse","resid","insectivore",-86.97455285,36.95415646,1,0.435699840435636,"Paridae","TUTI",22,3190291.77471021,"Baeolophus bicolor",2969713.14119775,1.07427607416099,135.772972835628,97.7766053088557,209.524707947975,0.804790830203276
7350,0.262600705642257,0.00775149633559241,0.0581914763993331,0.671456321622818,1344,"Black-capped Chickadee","resid","insectivore",-101.7426913,50.46541722,0,0.0286718446488833,"Paridae","BCCH",11,8169659.29484035,"Parus atricapillus",9100820.00014837,0.897683867465477,64.9419946829735,79.9085458074827,409.927334450245,0.854294263799005
7360,0.216373832087463,0.0990357715952287,-0.0288287026536114,0.71341909897092,840,"Carolina Chickadee","resid","insectivore",-88.57610135,34.99631879,1,0.313990983276656,"Paridae","CACH",11,2492992.60720337,"Parus carolinensis",2312696.11332305,1.07795943999805,152.2441091518,100.456331101923,195.972987896249,0.77377456971467
7380,0.0364832421891462,0.0144112212364227,0.0830319979272197,0.866073538647211,333,"Mountain Chickadee","resid","insectivore",-114.3727328,43.98876652,0,0.283158918798673,"Paridae","MOCH",11.75,977382.865767447,"Parus gambeli",2947885.72954467,0.331553850941981,55.6012640930041,53.3768714954011,1910.97003550169,0.666129926086992
7430,0.432469972556772,0.0928345051382378,0.00966169897763001,0.46503382332736,279,"Bushtit","resid","insectivore",-108.6770411,33.41455367,0,0.176725135764286,"Aegithalidae","BUSH",5,268994.15824681,"Psaltriparus minimus",2731700.51447114,0.0984713210038281,125.036724117671,55.7805308788286,973.677981311283,0.549748511957085
7480,0.0461017929424781,0.00649221000634968,-0.00436300346596162,0.951769000517134,480,"Golden-crowned Kinglet","short","insectivore",-102.7526844,50.29885397,0,0.123440119449862,"Regulidae","GCKI",6.25,5304926.22127105,"Regulus satrapa",6385444.49983445,0.830784171941137,69.3476920327356,112.386961098975,800.09564322687,0.808004484329385
7510,0.221789778352455,0.00455668299565487,0.00778387576518475,0.765869662886705,1485,"Blue-gray Gnatcatcher","neotrop","insectivore",-96.4474155,33.89745982,1,0.0201314523254106,"Sylviidae","BGGN",6,1072116.20027396,"Polioptila caerulea",6638060.44240484,0.161510460710049,142.096348224357,94.6849590960853,328.983236492959,0.762658654028015
7540,0.186349728563869,0.0113666545483233,0.0381769347778523,0.764106682109956,288,"Townsend's Solitaire","short","insectivore",-117.7890884,48.55018628,0,0.057489694932733,"Turdidae","TOSO",34,6172221.31327887,"Myadestes townsendi",3903523.40516891,1.58119234154093,50.8478997544007,51.9752341921198,1747.06860900205,0.696737084402034
7550,0.150791635263597,0.157295546076135,0.0419904858215077,0.64992233283876,1443,"Wood Thrush","neotrop","insectivore",-84.27844529,39.95232194,1,0.510555309026905,"Turdidae","WOTH",47,10016209.2107317,"Hylocichla mustelina",3494815.19371313,2.86601970506195,111.690040908182,94.1193050055224,269.768707972531,0.838230970770589
7560,0.0920631316381034,0.342580582296293,0.067562612380111,0.497793673685493,774,"Veery","neotrop","insectivore",-94.43891372,48.17642901,1,0.788187131927556,"Turdidae","VEER",31,10997548.0189058,"Catharus fuscescens",3708122.91454606,2.96579921225511,57.5859196353122,78.6000499212169,414.794598708695,0.875489073859044
7580,0.0726217695517792,0.168679716005124,0.0698591102335213,0.688839404209576,552,"Swainson's Thrush","neotrop","insectivore",-103.2806637,55.47445147,0,0.699041349106598,"Turdidae","SWTH",31,6314220.40063798,"Catharus ustulatus",7752561.34983551,0.814468936872322,31.445124449792,82.9311860094485,658.782078305307,0.82621686465281
7590,0.0343137431363052,0.000892381818619267,-0.000219203897695776,0.965013078942771,852,"Hermit Thrush","short","insectivore",-98.60593408,44.55013716,0,0.0253473456610693,"Turdidae","HETH",31,9643252.3815525,"Catharus guttatus",8804194.27508539,1.09530208901018,39.8862221936645,81.3464840322992,960.681784191897,0.772652461417465
7610,0.220078525845319,0.0266870576918044,0.0883244739418167,0.66490994252106,2457,"American Robin","short","insct/om",-101.5215888,49.95512665,0,0.108147405765722,"Turdidae","AMRO",77,6787261.82986672,"Turdus migratorius",16610742.7696646,0.408606762742842,82.1649981961019,77.5843685328403,512.328001620958,0.808274383093736
7660,0.289014701001986,0.0782598628308089,-0.000379291613295876,0.633104727780501,1746,"Eastern Bluebird","short","insectivore",-89.88601734,37.7392722,1,0.213082719407809,"Turdidae","EABL",32,7207875.42751404,"Sialia sialis",5591113.60799056,1.28916633302047,132.587438155204,93.4765469833896,232.12086882276,0.798055265221012
7670,0.241416764829397,0.0159162592801009,0.0635234515683109,0.679143524322191,249,"Western Bluebird","short","insectivore",-109.7164669,34.72098316,0,0.0618508228206589,"Turdidae","WEBL",28,1180403.12273473,"Sialia mexicana",1882061.58973037,0.627186235124132,105.036021841688,46.146962773666,1357.28719835714,0.532959683343987
7680,0.10830918657828,0.0835742171718786,0.00232135248281036,0.80579524376703,402,"Mountain Bluebird","short","insectivore",-114.8742119,48.93131325,0,0.435546876584991,"Turdidae","MOBL",30,2843189.33236432,"Sialia currucoides",4454444.27512079,0.638281490744931,49.6873987220205,35.3823461667652,2014.21943458831,0.555711512336756
